timestamp,gateway,mean_x,mean_y,mean_z,mean_rssi,localisation,activity
2017-07-12 09:53:11,bedroom,-0.4375,-0.683333333333,0.352083333333,-63.6666666667,bedroom,lying
2017-07-12 09:53:11,living,-0.3515625,-0.7984375,0.384375,-83.5,bedroom,lying
2017-07-12 09:53:12,living,-0.405,-0.7875,0.37125,-83.0,bedroom,lying
2017-07-12 09:53:12,bedroom,-0.405,-0.7875,0.37125,-59.6,bedroom,lying
2017-07-12 09:53:13,bedroom,-0.43625,-0.7775,0.35,-69.4,bedroom,lying
2017-07-12 09:53:13,living,-0.43625,-0.7775,0.35,-81.4,bedroom,lying
2017-07-12 09:53:14,living,-0.429166666667,-0.78125,0.345833333333,-79.6666666667,bedroom,lying
2017-07-12 09:53:14,bedroom,-0.428125,-0.7796875,0.35,-64.75,bedroom,lying
2017-07-12 09:53:15,bedroom,-0.435416666667,-0.789583333333,0.325,-62.6666666667,bedroom,lying
2017-07-12 09:53:15,living,-0.4265625,-0.7859375,0.334375,-88.75,bedroom,lying
2017-07-12 09:53:16,bedroom,-0.439583333333,-0.785416666667,0.31875,-65.6666666667,bedroom,lying
2017-07-12 09:53:16,living,-0.435416666667,-0.785416666667,0.325,-91.0,bedroom,lying
2017-07-12 09:53:17,living,-0.4015625,-0.7859375,0.3609375,-78.5,bedroom,lying
2017-07-12 09:53:17,bedroom,-0.40125,-0.7875,0.3625,-60.6,bedroom,lying
2017-07-12 09:53:18,bedroom,-0.40625,-0.7875,0.35,-62.6666666667,bedroom,lying
2017-07-12 09:53:18,living,-0.40625,-0.7875,0.353125,-86.75,bedroom,lying
2017-07-12 09:53:19,living,-0.409375,-0.7921875,0.346875,-83.75,bedroom,lying
2017-07-12 09:53:19,bedroom,-0.40875,-0.7925,0.3525,-63.8,bedroom,lying
2017-07-12 09:53:20,living,-0.4640625,-0.728125,0.4046875,-91.5,bedroom,lying
2017-07-12 09:53:20,bedroom,-0.4609375,-0.725,0.4078125,-67.5,bedroom,lying
2017-07-12 09:53:21,living,-0.304166666667,-0.770833333333,0.3,-91.0,bedroom,lying
2017-07-12 09:53:21,bedroom,-0.2390625,-0.9265625,0.1046875,-54.25,bedroom,lying
2017-07-12 09:53:21,custom,-0.25,-0.95,0.0125,-89.0,bedroom,lying
2017-07-12 09:53:22,bedroom,-0.43125,-0.625,-0.4625,-56.3333333333,bedroom,lying
2017-07-12 09:53:22,living,-0.4546875,-0.415625,-0.65625,-83.25,bedroom,lying
2017-07-12 09:53:22,custom,-0.48125,-0.525,-0.5125,-96.0,bedroom,lying
2017-07-12 09:53:23,bedroom,-0.328125,-0.7234375,-0.478125,-60.5,bedroom,lying
2017-07-12 09:53:23,living,-0.3375,-0.689583333333,-0.50625,-81.6666666667,bedroom,lying
2017-07-12 09:53:24,living,-0.48875,-0.00125,-0.43625,-79.8,bedroom,lying
2017-07-12 09:53:24,bedroom,-0.48875,-0.00125,-0.43625,-45.4,bedroom,lying
2017-07-12 09:53:25,living,-0.1025,0.83625,-0.3525,-79.0,bedroom,lying
2017-07-12 09:53:25,bedroom,-0.0703125,0.853125,-0.3671875,-46.5,bedroom,lying
2017-07-12 09:53:25,custom,-0.08125,0.85625,-0.36875,-88.0,bedroom,lying
2017-07-12 09:53:26,living,-0.0625,0.859375,-0.359375,-78.5,bedroom,lying
2017-07-12 09:53:26,bedroom,-0.0625,0.8578125,-0.359375,-50.5,bedroom,lying
2017-07-12 09:53:26,custom,-0.0625,0.85,-0.35625,-85.0,bedroom,lying
2017-07-12 09:53:27,living,-0.059375,0.85625,-0.3671875,-80.75,bedroom,lying
2017-07-12 09:53:27,bedroom,-0.059375,0.85625,-0.3671875,-46.5,bedroom,lying
2017-07-12 09:53:28,bedroom,-0.05875,0.85,-0.3725,-45.0,bedroom,lying
2017-07-12 09:53:28,living,-0.05625,0.853125,-0.371875,-76.0,bedroom,lying
2017-07-12 09:53:28,custom,-0.06875,0.85,-0.375,-84.0,bedroom,lying
2017-07-12 09:53:29,bedroom,-0.0575,0.84875,-0.37125,-48.8,bedroom,lying
2017-07-12 09:53:29,living,-0.0583333333333,0.848958333333,-0.370833333333,-78.1666666667,bedroom,lying
2017-07-12 09:53:30,living,-0.00625,0.764583333333,-0.5375,-71.0,bedroom,lying
2017-07-12 09:53:30,bedroom,-0.003125,0.7984375,-0.49375,-46.5,bedroom,lying
2017-07-12 09:53:31,living,0.07375,0.66625,-0.5625,-76.2,bedroom,lying
2017-07-12 09:53:31,bedroom,0.141666666667,0.66875,-0.620833333333,-62.6666666667,bedroom,lying
2017-07-12 09:53:32,living,0.147916666667,0.158333333333,-0.96875,-70.6666666667,bedroom,lying
2017-07-12 09:53:32,bedroom,0.15,0.102083333333,-0.99375,-65.0,bedroom,lying
2017-07-12 09:53:33,living,0.135416666667,0.104166666667,-0.916666666667,-77.3333333333,bedroom,lying
2017-07-12 09:53:33,bedroom,0.13125,0.10125,-0.92625,-62.8,bedroom,lying
2017-07-12 09:53:34,living,0.1078125,0.096875,-0.91875,-75.0,bedroom,lying
2017-07-12 09:53:34,bedroom,0.11875,0.0984375,-0.90625,-61.5,bedroom,lying
2017-07-12 09:53:35,bedroom,-0.2421875,0.359375,-0.765625,-60.75,bedroom,lying
2017-07-12 09:53:35,custom,-0.346875,0.3375,-0.73125,-92.0,bedroom,lying
2017-07-12 09:53:35,living,-0.140625,0.2671875,-0.7,-79.0,bedroom,lying
2017-07-12 09:53:36,living,-0.185416666667,-0.45625,0.891666666667,-89.6666666667,bedroom,lying
2017-07-12 09:53:36,bedroom,-0.09375,-0.315625,0.98125,-69.5,bedroom,lying
2017-07-12 09:53:36,custom,-0.1125,-0.35625,0.9625,-84.0,bedroom,lying
2017-07-12 09:53:37,living,-0.1125,-0.2609375,0.975,-88.0,bedroom,lying
2017-07-12 09:53:37,bedroom,-0.114583333333,-0.252083333333,0.972916666667,-71.6666666667,bedroom,lying
2017-07-12 09:53:38,living,-0.125,-0.253125,0.98125,-93.0,bedroom,lying
2017-07-12 09:53:38,bedroom,-0.11875,-0.255,0.9825,-71.4,bedroom,lying
2017-07-12 09:53:39,bedroom,-0.11875,-0.2525,0.985,-71.4,bedroom,lying
2017-07-12 09:53:39,living,-0.115625,-0.25625,0.990625,-87.0,bedroom,lying
2017-07-12 09:53:40,living,-0.1125,-0.234375,0.990625,-88.0,bedroom,lying
2017-07-12 09:53:40,bedroom,-0.121875,-0.2484375,0.9796875,-70.5,bedroom,lying
2017-07-12 09:53:40,custom,-0.125,-0.25,0.98125,-87.0,bedroom,lying
2017-07-12 09:53:41,bedroom,-0.1109375,-0.2359375,0.9859375,-76.0,bedroom,lying
2017-07-12 09:53:41,custom,-0.10625,-0.2375,0.98125,-100.0,bedroom,lying
2017-07-12 09:53:42,custom,-0.08125,-0.24375,1.0125,-88.0,bedroom,lying
2017-07-12 09:53:42,bedroom,-0.1,-0.2375,0.990625,-73.25,bedroom,lying
2017-07-12 09:53:42,living,-0.096875,-0.24375,0.984375,-88.5,bedroom,lying
2017-07-12 09:53:43,living,-0.1125,-0.2265625,0.984375,-87.25,bedroom,lying
2017-07-12 09:53:43,bedroom,-0.1125,-0.2275,0.98375,-79.2,bedroom,lying
2017-07-12 09:53:43,custom,-0.11875,-0.21875,0.98125,-84.0,bedroom,lying
2017-07-12 09:53:44,living,-0.115625,-0.2328125,0.9859375,-80.25,bedroom,lying
2017-07-12 09:53:44,bedroom,-0.1175,-0.23,0.985,-70.4,bedroom,lying
2017-07-12 09:53:44,custom,-0.115625,-0.23125,0.98125,-88.0,bedroom,lying
2017-07-12 09:53:45,bedroom,-0.1171875,-0.2265625,0.990625,-70.75,bedroom,lying
2017-07-12 09:53:45,living,-0.125,-0.225,0.9875,-75.0,bedroom,lying
2017-07-12 09:53:45,custom,-0.121875,-0.225,0.9875,-93.0,bedroom,lying
2017-07-12 09:53:46,bedroom,-0.115,-0.22625,0.9925,-76.2,bedroom,lying
2017-07-12 09:53:46,living,-0.11875,-0.21875,0.99375,-71.0,bedroom,lying
2017-07-12 09:53:47,living,-0.1125,-0.23125,0.990625,-72.0,bedroom,lying
2017-07-12 09:53:47,bedroom,-0.1125,-0.22625,0.9925,-74.2,bedroom,lying
2017-07-12 09:53:48,living,-0.1125,-0.23125,0.9875,-81.5,bedroom,lying
2017-07-12 09:53:48,bedroom,-0.1140625,-0.23125,0.9875,-72.0,bedroom,lying
2017-07-12 09:53:48,custom,-0.114583333333,-0.23125,0.985416666667,-85.3333333333,bedroom,lying
2017-07-12 09:53:49,living,-0.109375,-0.228125,0.984375,-96.0,bedroom,lying
2017-07-12 09:53:49,bedroom,-0.108333333333,-0.23125,0.983333333333,-71.6666666667,bedroom,lying
2017-07-12 09:53:50,custom,-0.125,-0.225,0.9875,-100.0,bedroom,lying
2017-07-12 09:53:50,living,-0.10625,-0.225,0.98125,-75.0,bedroom,lying
2017-07-12 09:53:50,bedroom,-0.11875,-0.225,0.985416666667,-73.0,bedroom,lying
2017-07-12 09:53:51,living,-0.1125,-0.21875,0.9875,-88.3333333333,bedroom,lying
2017-07-12 09:53:51,bedroom,-0.1109375,-0.2203125,0.990625,-72.75,bedroom,lying
2017-07-12 09:53:52,bedroom,-0.11875,-0.227083333333,0.991666666667,-63.6666666667,bedroom,lying
2017-07-12 09:53:52,living,-0.115625,-0.225,0.990625,-81.5,bedroom,lying
2017-07-12 09:53:53,living,-0.125,-0.225,0.996875,-79.5,bedroom,lying
2017-07-12 09:53:53,bedroom,-0.1203125,-0.2234375,0.984375,-75.75,bedroom,lying
2017-07-12 09:53:53,custom,-0.11875,-0.225,0.984375,-98.5,bedroom,lying
2017-07-12 09:53:54,living,-0.122916666667,-0.239583333333,0.985416666667,-83.3333333333,bedroom,lying
2017-07-12 09:53:54,bedroom,-0.125,-0.239583333333,0.983333333333,-70.0,bedroom,lying
2017-07-12 09:53:54,custom,-0.125,-0.24375,0.975,-87.0,bedroom,lying
2017-07-12 09:53:55,living,-0.125,-0.23125,0.9875,-75.0,bedroom,lying
2017-07-12 09:53:55,bedroom,-0.122916666667,-0.235416666667,0.983333333333,-70.0,bedroom,lying
2017-07-12 09:53:55,custom,-0.125,-0.23125,0.9875,-83.0,bedroom,lying
2017-07-12 09:53:56,bedroom,-0.1234375,-0.2421875,0.9765625,-67.25,bedroom,lying
2017-07-12 09:53:56,custom,-0.11875,-0.23125,0.975,-98.0,bedroom,lying
2017-07-12 09:53:56,living,-0.11875,-0.23125,0.975,-71.0,bedroom,lying
2017-07-12 09:53:57,living,-0.122916666667,-0.235416666667,0.985416666667,-82.0,bedroom,lying
2017-07-12 09:53:57,bedroom,-0.125,-0.2359375,0.9875,-72.5,bedroom,lying
2017-07-12 09:53:57,custom,-0.125,-0.23125,0.99375,-99.0,bedroom,lying
2017-07-12 09:53:58,living,-0.121875,-0.234375,0.98125,-96.5,bedroom,lying
2017-07-12 09:53:58,bedroom,-0.11875,-0.2375,0.9875,-67.0,bedroom,lying
2017-07-12 09:53:59,living,-0.1125,-0.2375,0.975,-72.0,bedroom,lying
2017-07-12 09:53:59,bedroom,-0.11875,-0.2390625,0.9828125,-70.75,bedroom,lying
2017-07-12 09:54:00,living,-0.125,-0.2375,0.99375,-88.0,bedroom,lying
2017-07-12 09:54:00,bedroom,-0.125,-0.265625,1.003125,-66.5,bedroom,lying
2017-07-12 09:54:01,custom,-0.11875,-0.2375,0.9875,-98.0,bedroom,lying
2017-07-12 09:54:01,living,-0.11875,-0.2375,0.984375,-84.0,bedroom,lying
2017-07-12 09:54:01,bedroom,-0.120833333333,-0.2375,0.9875,-71.3333333333,bedroom,lying
2017-07-12 09:54:02,living,-0.125,-0.2375,0.984375,-88.0,bedroom,lying
2017-07-12 09:54:02,bedroom,-0.125,-0.234375,0.9828125,-69.25,bedroom,lying
2017-07-12 09:54:03,bedroom,-0.123958333333,-0.2375,0.986458333333,-72.6666666667,bedroom,lying
2017-07-12 09:54:03,living,-0.122916666667,-0.235416666667,0.9875,-84.0,bedroom,lying
2017-07-12 09:54:03,custom,-0.125,-0.2375,0.9875,-101.0,bedroom,lying
2017-07-12 09:54:04,bedroom,-0.125,-0.239583333333,0.985416666667,-73.0,bedroom,lying
2017-07-12 09:54:04,living,-0.125,-0.239583333333,0.989583333333,-86.3333333333,bedroom,lying
2017-07-12 09:54:05,custom,-0.125,-0.225,0.9875,-99.0,bedroom,lying
2017-07-12 09:54:05,living,-0.125,-0.235416666667,0.9875,-83.3333333333,bedroom,lying
2017-07-12 09:54:05,bedroom,-0.125,-0.2375,0.9859375,-70.25,bedroom,lying
2017-07-12 09:54:06,living,-0.1203125,-0.2265625,0.9890625,-86.75,bedroom,lying
2017-07-12 09:54:06,bedroom,-0.1203125,-0.23125,0.9859375,-64.5,bedroom,lying
2017-07-12 09:54:07,living,-0.125,-0.23125,0.984375,-82.5,bedroom,lying
2017-07-12 09:54:07,bedroom,-0.121875,-0.23125,0.9828125,-73.0,bedroom,lying
2017-07-12 09:54:07,custom,-0.125,-0.225,0.98125,-84.0,bedroom,lying
2017-07-12 09:54:08,living,-0.122916666667,-0.229166666667,0.983333333333,-81.6666666667,bedroom,lying
2017-07-12 09:54:08,bedroom,-0.122916666667,-0.229166666667,0.983333333333,-64.6666666667,bedroom,lying
2017-07-12 09:54:08,custom,-0.125,-0.23125,0.9875,-85.0,bedroom,lying
2017-07-12 09:54:09,custom,-0.125,-0.2375,0.9875,-100.0,bedroom,lying
2017-07-12 09:54:09,bedroom,-0.1234375,-0.228125,0.9875,-68.0,bedroom,lying
2017-07-12 09:54:09,living,-0.121875,-0.228125,0.9875,-79.5,bedroom,lying
2017-07-12 09:54:10,living,-0.125,-0.234375,0.99375,-83.5,bedroom,lying
2017-07-12 09:54:10,bedroom,-0.1234375,-0.2328125,0.990625,-68.75,bedroom,lying
2017-07-12 09:54:10,custom,-0.125,-0.25,0.99375,-98.0,bedroom,lying
2017-07-12 09:54:11,living,-0.125,-0.2375,0.99375,-73.0,bedroom,lying
2017-07-12 09:54:11,bedroom,-0.121875,-0.2296875,0.984375,-71.5,bedroom,lying
2017-07-12 09:54:11,custom,-0.125,-0.2375,0.99375,-100.0,bedroom,lying
2017-07-12 09:54:12,living,-0.125,-0.21875,1.0,-73.0,bedroom,lying
2017-07-12 09:54:12,bedroom,-0.12125,-0.22,0.99625,-73.4,bedroom,lying
2017-07-12 09:54:12,custom,-0.125,-0.21875,1.0,-87.0,bedroom,lying
2017-07-12 09:54:13,living,-0.11875,-0.21875,0.996875,-84.75,bedroom,lying
2017-07-12 09:54:13,bedroom,-0.11875,-0.21875,0.995833333333,-76.3333333333,bedroom,lying
2017-07-12 09:54:14,bedroom,-0.114583333333,-0.21875,0.995833333333,-70.3333333333,bedroom,lying
2017-07-12 09:54:14,living,-0.1,-0.21875,0.99375,-88.0,bedroom,lying
2017-07-12 09:54:15,bedroom,-0.11875,-0.225,0.99375,-79.6666666667,bedroom,lying
2017-07-12 09:54:16,bedroom,-0.11875,-0.2203125,0.996875,-74.75,bedroom,lying
2017-07-12 09:54:16,living,-0.11875,-0.220833333333,0.995833333333,-78.0,bedroom,lying
2017-07-12 09:54:17,living,-0.108333333333,-0.220833333333,0.989583333333,-77.0,bedroom,lying
2017-07-12 09:54:17,bedroom,-0.1125,-0.2203125,0.990625,-74.0,bedroom,lying
2017-07-12 09:54:18,living,-0.1203125,-0.21875,0.9875,-88.0,bedroom,lying
2017-07-12 09:54:18,bedroom,-0.12,-0.21875,0.98875,-70.2,bedroom,lying
2017-07-12 09:54:18,custom,-0.1125,-0.21875,0.99375,-87.0,bedroom,lying
2017-07-12 09:54:19,living,-0.11875,-0.228125,0.996875,-81.5,bedroom,lying
2017-07-12 09:54:19,bedroom,-0.11875,-0.2275,0.99,-72.6,bedroom,lying
2017-07-12 09:54:19,custom,-0.11875,-0.23125,1.0,-86.0,bedroom,lying
2017-07-12 09:54:20,bedroom,-0.12125,-0.22625,0.99375,-74.2,bedroom,lying
2017-07-12 09:54:21,living,-0.125,-0.23125,0.98125,-80.0,bedroom,lying
2017-07-12 09:54:21,bedroom,-0.1225,-0.22875,0.9875,-65.6,bedroom,lying
2017-07-12 09:54:22,living,-0.121875,-0.234375,0.9859375,-84.5,bedroom,lying
2017-07-12 09:54:22,bedroom,-0.1225,-0.23625,0.9875,-67.2,bedroom,lying
2017-07-12 09:54:23,living,-0.125,-0.23125,0.984375,-80.0,bedroom,lying
2017-07-12 09:54:23,bedroom,-0.120833333333,-0.23125,0.9875,-69.3333333333,bedroom,lying
2017-07-12 09:54:24,living,-0.121875,-0.228125,0.99375,-87.0,bedroom,lying
2017-07-12 09:54:24,bedroom,-0.121875,-0.2296875,0.990625,-70.75,bedroom,lying
2017-07-12 09:54:25,living,-0.122916666667,-0.225,0.991666666667,-88.0,bedroom,lying
2017-07-12 09:54:25,bedroom,-0.12375,-0.22875,0.9875,-72.4,bedroom,lying
2017-07-12 09:54:25,custom,-0.125,-0.21875,0.99375,-88.0,bedroom,lying
2017-07-12 09:54:26,living,-0.121875,-0.23125,0.9875,-95.5,bedroom,lying
2017-07-12 09:54:26,bedroom,-0.121875,-0.2296875,0.9890625,-71.75,bedroom,lying
2017-07-12 09:54:27,bedroom,-0.125,-0.23125,0.975,-65.0,bedroom,lying
2017-07-12 09:54:28,living,-0.125,-0.23125,0.98125,-88.0,bedroom,lying
2017-07-12 09:54:28,bedroom,-0.125,-0.2296875,0.9828125,-72.25,bedroom,lying
2017-07-12 09:54:29,living,-0.121875,-0.23125,0.984375,-80.0,bedroom,lying
2017-07-12 09:54:29,bedroom,-0.120833333333,-0.235416666667,0.9875,-73.3333333333,bedroom,lying
2017-07-12 09:54:30,living,-0.122916666667,-0.239583333333,0.985416666667,-77.6666666667,bedroom,lying
2017-07-12 09:54:30,bedroom,-0.1234375,-0.2390625,0.9890625,-69.75,bedroom,lying
2017-07-12 09:54:31,living,-0.125,-0.2375,0.98125,-88.0,bedroom,lying
2017-07-12 09:54:31,bedroom,-0.122916666667,-0.235416666667,0.98125,-65.0,bedroom,lying
2017-07-12 09:54:32,living,-0.125,-0.23125,0.99375,-87.0,bedroom,lying
2017-07-12 09:54:32,bedroom,-0.11875,-0.229166666667,0.979166666667,-68.3333333333,bedroom,lying
2017-07-12 09:54:33,living,-0.125,-0.227083333333,0.991666666667,-87.6666666667,bedroom,lying
2017-07-12 09:54:33,bedroom,-0.125,-0.225,0.98625,-73.0,bedroom,lying
2017-07-12 09:54:34,living,-0.1203125,-0.228125,0.984375,-83.75,bedroom,lying
2017-07-12 09:54:34,bedroom,-0.120833333333,-0.227083333333,0.985416666667,-71.3333333333,bedroom,lying
2017-07-12 09:54:34,custom,-0.125,-0.225,0.975,-85.0,bedroom,lying
2017-07-12 09:54:35,bedroom,-0.1234375,-0.221875,0.9875,-69.0,bedroom,lying
2017-07-12 09:54:35,custom,-0.11875,-0.21875,0.98125,-90.0,bedroom,lying
2017-07-12 09:54:35,living,-0.125,-0.228125,0.990625,-95.0,bedroom,lying
2017-07-12 09:54:36,living,-0.128125,-0.21875,0.99375,-94.0,bedroom,lying
2017-07-12 09:54:36,bedroom,-0.128125,-0.21875,0.99375,-72.5,bedroom,lying
2017-07-12 09:54:37,living,-0.125,-0.21875,0.989583333333,-85.0,bedroom,lying
2017-07-12 09:54:37,bedroom,-0.125,-0.2125,0.99625,-70.8,bedroom,lying
2017-07-12 09:54:37,custom,-0.125,-0.203125,1.00625,-91.5,bedroom,lying
2017-07-12 09:54:38,living,-0.125,-0.21875,0.99375,-73.0,bedroom,lying
2017-07-12 09:54:38,bedroom,-0.120833333333,-0.21875,0.995833333333,-64.6666666667,bedroom,lying
2017-07-12 09:54:38,custom,-0.125,-0.21875,0.99375,-86.0,bedroom,lying
2017-07-12 09:54:39,bedroom,-0.122916666667,-0.216666666667,0.99375,-76.6666666667,bedroom,lying
2017-07-12 09:54:39,living,-0.125,-0.2125,0.9875,-89.0,bedroom,lying
2017-07-12 09:54:40,living,-0.125,-0.220833333333,0.99375,-77.6666666667,bedroom,lying
2017-07-12 09:54:40,bedroom,-0.125,-0.22,0.995,-75.6,bedroom,lying
2017-07-12 09:54:41,custom,-0.121875,-0.21875,0.984375,-91.5,bedroom,lying
2017-07-12 09:54:41,bedroom,-0.12,-0.225,0.9875,-72.6,bedroom,lying
2017-07-12 09:54:41,living,-0.11875,-0.21875,0.978125,-87.5,bedroom,lying
2017-07-12 09:54:42,living,-0.121875,-0.21875,0.990625,-87.5,bedroom,lying
2017-07-12 09:54:42,bedroom,-0.1234375,-0.2203125,0.990625,-72.25,bedroom,lying
2017-07-12 09:54:43,living,-0.11875,-0.23125,0.98125,-87.0,bedroom,lying
2017-07-12 09:54:43,bedroom,-0.1234375,-0.225,0.9875,-68.25,bedroom,lying
2017-07-12 09:54:44,living,-0.125,-0.220833333333,0.991666666667,-89.3333333333,bedroom,lying
2017-07-12 09:54:44,bedroom,-0.125,-0.220833333333,0.991666666667,-70.3333333333,bedroom,lying
2017-07-12 09:54:45,living,-0.122916666667,-0.225,0.989583333333,-83.3333333333,bedroom,lying
2017-07-12 09:54:45,bedroom,-0.125,-0.222916666667,0.991666666667,-70.0,bedroom,lying
2017-07-12 09:54:46,custom,-0.125,-0.21875,0.98125,-85.0,bedroom,lying
2017-07-12 09:54:46,living,-0.125,-0.228125,0.99375,-74.5,bedroom,lying
2017-07-12 09:54:46,bedroom,-0.125,-0.2234375,0.990625,-72.0,bedroom,lying
2017-07-12 09:54:47,living,-0.125,-0.21875,0.990625,-80.5,bedroom,lying
2017-07-12 09:54:47,bedroom,-0.125,-0.21875,0.99375,-64.6666666667,bedroom,lying
2017-07-12 09:54:48,living,-0.125,-0.221875,0.996875,-90.0,bedroom,lying
2017-07-12 09:54:48,bedroom,-0.125,-0.221875,0.9953125,-72.25,bedroom,lying
2017-07-12 09:54:49,living,-0.122916666667,-0.220833333333,0.991666666667,-89.0,bedroom,lying
2017-07-12 09:54:49,bedroom,-0.12375,-0.22125,0.9925,-71.2,bedroom,lying
2017-07-12 09:54:49,custom,-0.125,-0.21875,0.98125,-87.0,bedroom,lying
2017-07-12 09:54:50,living,-0.125,-0.221875,0.9875,-88.5,bedroom,lying
2017-07-12 09:54:50,bedroom,-0.12375,-0.22125,0.98875,-67.6,bedroom,lying
2017-07-12 09:54:51,living,-0.121875,-0.221875,0.99375,-90.0,bedroom,lying
2017-07-12 09:54:51,bedroom,-0.125,-0.21875,0.99375,-62.0,bedroom,lying
2017-07-12 09:54:51,custom,-0.125,-0.21875,0.99375,-88.0,bedroom,lying
2017-07-12 09:54:52,living,-0.125,-0.222916666667,0.995833333333,-84.6666666667,bedroom,lying
2017-07-12 09:54:52,bedroom,-0.125,-0.221875,0.9953125,-68.0,bedroom,lying
2017-07-12 09:54:53,bedroom,-0.121875,-0.2234375,0.990625,-69.25,bedroom,lying
2017-07-12 09:54:53,living,-0.121875,-0.221875,0.9875,-80.5,bedroom,lying
2017-07-12 09:54:54,living,-0.1125,-0.21875,0.99375,-73.0,bedroom,lying
2017-07-12 09:54:54,bedroom,-0.110416666667,-0.222916666667,0.9875,-74.0,bedroom,lying
2017-07-12 09:54:55,living,-0.115625,-0.21875,0.990625,-80.5,bedroom,lying
2017-07-12 09:54:55,bedroom,-0.1171875,-0.21875,0.9890625,-75.25,bedroom,lying
2017-07-12 09:54:56,custom,-0.1125,-0.21875,0.99375,-87.0,bedroom,lying
2017-07-12 09:54:56,bedroom,-0.1171875,-0.21875,0.9890625,-67.25,bedroom,lying
2017-07-12 09:54:56,living,-0.11875,-0.21875,0.9875,-80.0,bedroom,lying
2017-07-12 09:54:57,living,-0.121875,-0.221875,0.990625,-80.5,bedroom,lying
2017-07-12 09:54:57,bedroom,-0.121875,-0.225,0.9890625,-69.75,bedroom,lying
2017-07-12 09:54:58,living,-0.1234375,-0.2203125,0.99375,-88.25,bedroom,lying
2017-07-12 09:54:58,bedroom,-0.12375,-0.22,0.995,-72.0,bedroom,lying
2017-07-12 09:54:59,living,-0.120833333333,-0.229166666667,0.989583333333,-77.6666666667,bedroom,lying
2017-07-12 09:54:59,bedroom,-0.1225,-0.225,0.98875,-71.6,bedroom,lying
2017-07-12 09:55:00,living,-0.125,-0.21875,0.9875,-72.0,bedroom,lying
2017-07-12 09:55:00,bedroom,-0.125,-0.21875,0.990625,-70.0,bedroom,lying
2017-07-12 09:55:00,custom,-0.125,-0.21875,0.9875,-88.0,bedroom,lying
2017-07-12 09:55:01,living,-0.11875,-0.21875,0.99375,-87.0,bedroom,lying
2017-07-12 09:55:01,bedroom,-0.121875,-0.21875,0.9875,-71.5,bedroom,lying
2017-07-12 09:55:02,bedroom,-0.125,-0.21875,0.989583333333,-72.0,bedroom,lying
2017-07-12 09:55:02,living,-0.125,-0.214583333333,0.997916666667,-83.6666666667,bedroom,lying
2017-07-12 09:55:03,bedroom,-0.1171875,-0.2046875,0.996875,-71.75,bedroom,lying
2017-07-12 09:55:03,living,-0.120833333333,-0.195833333333,0.997916666667,-80.3333333333,bedroom,lying
2017-07-12 09:55:04,living,-0.11875,-0.1828125,0.996875,-88.75,bedroom,lying
2017-07-12 09:55:04,bedroom,-0.125,-0.19375,1.0,-63.0,bedroom,lying
2017-07-12 09:55:05,living,-0.122916666667,-0.179166666667,1.0,-79.0,bedroom,lying
2017-07-12 09:55:05,bedroom,-0.122916666667,-0.179166666667,1.0,-73.3333333333,bedroom,lying
2017-07-12 09:55:05,custom,-0.125,-0.18125,1.0,-89.0,bedroom,lying
2017-07-12 09:55:06,living,-0.11875,-0.18125,1.003125,-82.0,bedroom,lying
2017-07-12 09:55:06,bedroom,-0.1171875,-0.1875,0.9984375,-70.25,bedroom,lying
2017-07-12 09:55:07,bedroom,-0.1225,-0.19375,0.99375,-71.0,bedroom,lying
2017-07-12 09:55:07,living,-0.120833333333,-0.189583333333,0.991666666667,-82.6666666667,bedroom,lying
2017-07-12 09:55:08,bedroom,-0.12375,-0.2025,1.00125,-74.2,bedroom,lying
2017-07-12 09:55:08,living,-0.125,-0.21875,0.99375,-76.0,bedroom,lying
2017-07-12 09:55:09,bedroom,-0.1203125,-0.2078125,0.9921875,-74.25,bedroom,lying
2017-07-12 09:55:09,living,-0.11875,-0.21875,0.9875,-88.0,bedroom,lying
2017-07-12 09:55:10,living,-0.11875,-0.2125,0.99375,-103.0,bedroom,lying
2017-07-12 09:55:10,bedroom,-0.125,-0.21875,0.99375,-76.0,bedroom,lying
2017-07-12 09:55:11,living,-0.1225,-0.2175,0.99875,-75.6,bedroom,lying
2017-07-12 09:55:11,bedroom,-0.12375,-0.22,1.0,-64.4,bedroom,lying
2017-07-12 09:58:09,custom,0.5984375,-0.7421875,0.0515625,-31.0,stairs,custom
2017-07-12 09:58:10,custom,0.60625,-0.728125,0.03125,-31.0,stairs,custom
2017-07-12 09:58:11,custom,0.72375,-0.67375,0.0025,-39.0,stairs,custom
2017-07-12 09:58:11,kitchen,0.9125,-0.7,-0.18125,-99.0,stairs,custom
2017-07-12 09:58:11,living,0.816666666667,-0.683333333333,-0.03125,-94.6666666667,stairs,custom
2017-07-12 09:58:11,bedroom,0.925,-0.63125,0.03125,-83.0,stairs,custom
2017-07-12 09:58:12,living,0.628125,-0.675,0.18125,-101.5,stairs,custom
2017-07-12 09:58:12,custom,0.6171875,-0.6828125,0.13125,-67.0,stairs,custom
2017-07-12 09:58:12,bedroom,0.525,-0.74375,-0.025,-88.0,stairs,custom
2017-07-12 09:58:13,living,0.68125,-0.596875,0.428125,-88.5,stairs,custom
2017-07-12 09:58:13,bedroom,0.746875,-0.60625,0.05,-91.5,stairs,custom
2017-07-12 09:58:13,custom,0.615625,-0.609375,0.165625,-56.5,stairs,custom
2017-07-12 09:58:14,custom,0.8,-0.495833333333,0.0770833333333,-57.3333333333,stairs,custom
2017-07-12 09:58:15,custom,0.8640625,-0.378125,0.2046875,-59.75,stairs,custom
2017-07-12 09:58:16,living,0.79375,-0.4,0.24375,-87.0,stairs,custom
2017-07-12 09:58:16,custom,0.86875,-0.4,0.1375,-57.0,stairs,custom
2017-07-12 09:58:17,custom,0.870833333333,-0.408333333333,0.0875,-55.0,stairs,custom
2017-07-12 09:58:18,custom,0.86875,-0.397916666667,0.158333333333,-66.0,stairs,custom
2017-07-12 09:58:18,bedroom,0.85625,-0.4125,0.1875,-94.0,stairs,custom
2017-07-12 09:58:18,kitchen,0.85625,-0.4125,0.1875,-90.0,stairs,custom
2017-07-12 09:58:19,custom,0.854166666667,-0.40625,0.210416666667,-63.6666666667,stairs,custom
2017-07-12 09:58:20,custom,0.84875,-0.41,0.215,-65.8,stairs,custom
2017-07-12 09:58:21,custom,0.8275,-0.45375,0.21625,-54.4,stairs,custom
2017-07-12 09:58:22,custom,0.766666666667,-0.572916666667,0.116666666667,-67.6666666667,stairs,custom
2017-07-12 09:58:23,kitchen,0.590625,-0.734375,-0.1625,-92.0,stairs,custom
2017-07-12 09:58:23,custom,0.58125,-0.728125,-0.159375,-63.5,stairs,custom
2017-07-12 09:58:24,custom,0.675,-0.625,-0.0208333333333,-54.6666666667,stairs,custom
2017-07-12 09:58:25,custom,0.904166666667,-0.402083333333,0.179166666667,-62.0,stairs,custom
2017-07-12 09:58:26,living,0.8875,-0.3125,0.1875,-89.0,stairs,custom
2017-07-12 09:58:26,kitchen,0.8875,-0.3,0.20625,-91.0,stairs,custom
2017-07-12 09:58:26,custom,0.885416666667,-0.316666666667,0.19375,-60.3333333333,stairs,custom
2017-07-12 09:58:27,kitchen,0.9,-0.35625,0.2,-99.0,stairs,custom
2017-07-12 09:58:27,bedroom,0.846875,-0.4,0.184375,-93.0,stairs,custom
2017-07-12 09:58:27,custom,0.883333333333,-0.38125,0.210416666667,-65.6666666667,stairs,custom
2017-07-12 09:58:28,custom,0.86375,-0.40375,0.18875,-69.4,stairs,custom
2017-07-12 09:58:29,bedroom,0.875,-0.39375,0.175,-90.0,stairs,custom
2017-07-12 09:58:29,custom,0.87,-0.3975,0.1775,-56.8,stairs,custom
2017-07-12 09:58:30,bedroom,0.88125,-0.36875,0.1875,-90.0,stairs,custom
2017-07-12 09:58:30,custom,0.88375,-0.34625,0.1875,-58.6,stairs,custom
2017-07-12 09:58:30,living,0.89375,-0.35,0.1875,-88.0,stairs,custom
2017-07-12 09:58:31,living,0.9,-0.3125,0.18125,-91.0,stairs,custom
2017-07-12 09:58:31,bedroom,0.903125,-0.3046875,0.1765625,-91.75,stairs,custom
2017-07-12 09:58:31,custom,0.90375,-0.3025,0.17625,-60.8,stairs,custom
2017-07-12 09:58:32,custom,0.9,-0.3125,0.18125,-56.5,stairs,custom
2017-07-12 09:58:33,living,0.909375,-0.3,0.209375,-93.0,stairs,custom
2017-07-12 09:58:33,bedroom,0.89375,-0.1625,0.3,-98.0,stairs,custom
2017-07-12 09:58:33,custom,0.9046875,-0.2609375,0.234375,-54.75,stairs,custom
2017-07-12 09:58:34,custom,0.91875,-0.214583333333,0.216666666667,-56.0,stairs,custom
2017-07-12 09:58:34,living,0.96875,-0.25625,0.1375,-85.0,stairs,custom
2017-07-12 09:58:34,bedroom,0.9203125,-0.228125,0.2203125,-86.75,stairs,custom
2017-07-12 09:58:35,living,0.9375,-0.3,0.11875,-105.0,stairs,custom
2017-07-12 09:58:35,bedroom,0.9375,-0.2875,0.08125,-87.0,stairs,custom
2017-07-12 09:58:35,custom,0.93125,-0.283333333333,0.11875,-50.3333333333,stairs,custom
2017-07-12 09:58:36,custom,0.8875,-0.229166666667,0.26875,-59.6666666667,stairs,custom
2017-07-12 09:58:37,kitchen,0.928125,-0.234375,0.14375,-88.0,stairs,custom
2017-07-12 09:58:37,custom,0.93125,-0.2390625,0.1390625,-59.25,stairs,custom
2017-07-12 09:58:38,kitchen,0.928125,-0.253125,0.125,-88.5,stairs,custom
2017-07-12 09:58:38,custom,0.93125,-0.24625,0.1325,-54.2,stairs,custom
2017-07-12 09:58:39,kitchen,0.921875,-0.2625,0.153125,-93.5,stairs,custom
2017-07-12 09:58:39,custom,0.927083333333,-0.254166666667,0.141666666667,-53.6666666667,stairs,custom
2017-07-12 09:58:40,kitchen,0.914583333333,-0.266666666667,0.160416666667,-92.0,stairs,custom
2017-07-12 09:58:40,custom,0.9140625,-0.2703125,0.159375,-52.75,stairs,custom
2017-07-12 09:58:41,kitchen,0.9125,-0.28125,0.16875,-92.0,stairs,custom
2017-07-12 09:58:41,custom,0.9078125,-0.28125,0.1625,-57.0,stairs,custom
2017-07-12 09:58:42,custom,0.90625,-0.272916666667,0.16875,-49.6666666667,stairs,custom
2017-07-12 09:58:43,custom,0.92,-0.26875,0.16125,-56.0,stairs,custom
2017-07-12 09:58:44,bedroom,0.8125,-0.46875,0.1625,-90.0,stairs,custom
2017-07-12 09:58:44,custom,0.85375,-0.40625,0.18,-64.0,stairs,custom
2017-07-12 09:58:45,custom,0.795,-0.525,0.13,-60.4,stairs,custom
2017-07-12 09:58:46,living,0.75,-0.5875,0.05,-89.0,stairs,custom
2017-07-12 09:58:46,custom,0.74875,-0.59,0.045,-64.4,stairs,custom
2017-07-12 09:58:47,living,0.7375,-0.6125,0.04375,-90.0,stairs,custom
2017-07-12 09:58:47,custom,0.8125,-0.471875,0.1421875,-59.0,stairs,custom
2017-07-12 09:58:48,custom,0.9109375,-0.2515625,0.18125,-58.0,stairs,custom
2017-07-12 09:58:49,custom,0.9171875,-0.2578125,0.190625,-60.25,stairs,custom
2017-07-12 09:58:50,custom,0.914583333333,-0.25,0.202083333333,-50.0,stairs,custom
2017-07-12 09:58:51,custom,0.9125,-0.259375,0.1953125,-53.25,stairs,custom
2017-07-12 09:58:52,custom,0.908333333333,-0.266666666667,0.191666666667,-63.6666666667,stairs,custom
2017-07-12 09:58:53,custom,0.90875,-0.265,0.18625,-52.6,stairs,custom
2017-07-12 09:58:54,custom,0.89375,-0.2984375,0.1875,-64.0,stairs,custom
2017-07-12 09:58:55,living,0.8375,-0.46875,0.15625,-88.0,stairs,custom
2017-07-12 09:58:55,custom,0.8390625,-0.446875,0.1625,-65.0,stairs,custom
2017-07-12 09:58:56,custom,0.846875,-0.434375,0.159375,-67.0,stairs,custom
2017-07-12 09:58:57,custom,0.85,-0.435416666667,0.160416666667,-65.0,stairs,custom
2017-07-12 09:58:58,living,0.84375,-0.4375,0.15625,-91.0,stairs,custom
2017-07-12 09:58:58,custom,0.845833333333,-0.435416666667,0.15625,-71.0,stairs,custom
2017-07-12 09:58:59,custom,0.84625,-0.43375,0.1575,-67.8,stairs,custom
2017-07-12 09:59:00,custom,0.8484375,-0.43125,0.15625,-71.0,stairs,custom
2017-07-12 09:59:01,custom,0.855,-0.41875,0.155,-66.4,stairs,custom
2017-07-12 09:59:02,custom,0.858333333333,-0.422916666667,0.15625,-59.6666666667,stairs,custom
2017-07-12 09:59:03,kitchen,0.86875,-0.40625,0.15625,-91.0,stairs,custom
2017-07-12 09:59:03,custom,0.8625,-0.4078125,0.15625,-63.25,stairs,custom
2017-07-12 09:59:04,living,0.8625,-0.40625,0.125,-101.0,stairs,custom
2017-07-12 09:59:04,kitchen,0.8625,-0.40625,0.125,-92.0,stairs,custom
2017-07-12 09:59:04,custom,0.8578125,-0.4125,0.1484375,-62.0,stairs,custom
2017-07-12 09:59:05,bedroom,0.8625,-0.403125,0.125,-91.0,stairs,custom
2017-07-12 09:59:05,custom,0.8625,-0.4140625,0.125,-51.0,stairs,custom
2017-07-12 09:59:06,bedroom,0.877083333333,-0.377083333333,0.125,-88.6666666667,stairs,custom
2017-07-12 09:59:06,custom,0.8775,-0.375,0.125,-49.6,stairs,custom
2017-07-12 09:59:06,living,0.88125,-0.375,0.125,-86.0,stairs,custom
2017-07-12 09:59:07,bedroom,0.88125,-0.375,0.125,-94.0,stairs,custom
2017-07-12 09:59:07,custom,0.88125,-0.375,0.125,-54.0,stairs,custom
2017-07-12 09:59:08,custom,0.902083333333,-0.322916666667,0.10625,-59.6666666667,stairs,custom
2017-07-12 09:59:09,kitchen,0.9125,-0.3125,0.0875,-90.0,stairs,custom
2017-07-12 09:59:09,custom,0.90375,-0.3175,0.11125,-56.0,stairs,custom
2017-07-12 09:59:10,kitchen,0.90625,-0.3125,0.11875,-92.0,stairs,custom
2017-07-12 09:59:10,custom,0.910416666667,-0.314583333333,0.127083333333,-56.0,stairs,custom
2017-07-12 09:59:11,custom,0.9078125,-0.3140625,0.1203125,-61.0,stairs,custom
2017-07-12 09:59:11,living,0.9125,-0.30625,0.125,-103.0,stairs,custom
2017-07-12 09:59:11,kitchen,0.908333333333,-0.314583333333,0.125,-96.6666666667,stairs,custom
2017-07-12 09:59:12,living,0.903125,-0.315625,0.121875,-97.5,stairs,custom
2017-07-12 09:59:12,kitchen,0.90625,-0.321875,0.121875,-94.0,stairs,custom
2017-07-12 09:59:12,custom,0.90375,-0.3175,0.1225,-54.0,stairs,custom
2017-07-12 09:59:13,kitchen,0.90625,-0.3125,0.125,-93.5,stairs,custom
2017-07-12 09:59:13,custom,0.90625,-0.31875,0.125,-60.0,stairs,custom
2017-07-12 09:59:14,kitchen,0.903125,-0.3375,0.13125,-88.5,stairs,custom
2017-07-12 09:59:14,custom,0.904166666667,-0.33125,0.129166666667,-53.3333333333,stairs,custom
2017-07-12 09:59:15,custom,0.8984375,-0.325,0.1390625,-56.75,stairs,custom
2017-07-12 09:59:16,custom,0.9046875,-0.3203125,0.1578125,-60.5,stairs,custom
2017-07-12 09:59:17,custom,0.8925,-0.3325,0.165,-55.0,stairs,custom
2017-07-12 09:59:18,custom,0.8875,-0.325,0.1828125,-63.25,stairs,custom
2017-07-12 09:59:19,custom,0.85,-0.40625,0.2125,-52.0,stairs,custom
2017-07-12 09:59:20,living,0.8,-0.5125,0.18125,-89.0,stairs,custom
2017-07-12 09:59:20,custom,0.796875,-0.50625,0.1921875,-63.25,stairs,custom
2017-07-12 09:59:21,custom,0.8125,-0.48625,0.19125,-58.6,stairs,custom
2017-07-12 09:59:22,living,0.8125,-0.46875,0.1875,-88.0,stairs,custom
2017-07-12 09:59:22,custom,0.833333333333,-0.4375,0.189583333333,-63.0,stairs,custom
2017-07-12 09:59:23,living,0.875,-0.39375,0.175,-91.0,stairs,custom
2017-07-12 09:59:23,custom,0.8675,-0.395,0.1825,-63.0,stairs,custom
2017-07-12 09:59:24,custom,0.875,-0.395833333333,0.172916666667,-60.3333333333,stairs,custom
2017-07-12 09:59:25,custom,0.875,-0.38125,0.16875,-61.4,stairs,custom
2017-07-12 09:59:26,custom,0.875,-0.3765625,0.1625,-61.25,stairs,custom
2017-07-12 09:59:27,living,0.86875,-0.375,0.1875,-101.0,stairs,custom
2017-07-12 09:59:27,custom,0.872916666667,-0.375,0.177083333333,-60.3333333333,stairs,custom
2017-07-12 09:59:28,custom,0.85625,-0.421875,0.190625,-54.5,stairs,custom
2017-07-12 09:59:29,custom,0.75375,-0.565,0.1725,-63.0,stairs,custom
2017-07-12 09:59:30,living,0.775,-0.55625,0.15625,-92.0,stairs,custom
2017-07-12 09:59:30,custom,0.770833333333,-0.560416666667,0.1625,-58.0,stairs,custom
2017-07-12 09:59:31,custom,0.7796875,-0.5515625,0.1640625,-57.75,stairs,custom
2017-07-12 09:59:31,bedroom,0.78125,-0.55625,0.16875,-89.0,stairs,custom
2017-07-12 09:59:32,custom,0.775,-0.54375,0.19,-61.0,stairs,custom
2017-07-12 09:59:33,custom,0.775,-0.5375,0.190625,-60.5,stairs,custom
2017-07-12 09:59:34,custom,0.834375,-0.4328125,0.196875,-58.0,stairs,custom
2017-07-12 09:59:34,living,0.79375,-0.48125,0.19375,-89.0,stairs,custom
2017-07-12 09:59:35,custom,0.8421875,-0.4171875,0.2015625,-64.25,stairs,custom
2017-07-12 09:59:36,custom,0.8375,-0.445,0.20875,-60.8,stairs,custom
2017-07-12 09:59:37,custom,0.84,-0.43,0.225,-60.2,stairs,custom
2017-07-12 09:59:38,custom,0.8425,-0.43375,0.21875,-60.0,stairs,custom
2017-07-12 09:59:39,custom,0.84375,-0.434375,0.2171875,-61.0,stairs,custom
2017-07-12 09:59:40,custom,0.8421875,-0.4328125,0.215625,-59.5,stairs,custom
2017-07-12 09:59:41,custom,0.841666666667,-0.43125,0.216666666667,-68.0,stairs,custom
2017-07-12 09:59:42,custom,0.84375,-0.4265625,0.21875,-57.5,stairs,custom
2017-07-12 09:59:42,living,0.84375,-0.41875,0.21875,-96.5,stairs,custom
2017-07-12 09:59:43,living,0.84375,-0.428125,0.21875,-89.5,stairs,custom
2017-07-12 09:59:43,custom,0.84375,-0.43125,0.21875,-62.0,stairs,custom
2017-07-12 09:59:44,kitchen,0.84375,-0.41875,0.21875,-88.0,stairs,custom
2017-07-12 09:59:44,custom,0.840625,-0.415625,0.215625,-57.25,stairs,custom
2017-07-12 09:59:45,custom,0.86625,-0.36125,0.24375,-51.6,stairs,custom
2017-07-12 09:59:46,custom,0.81875,-0.44375,0.285416666667,-46.0,stairs,custom
2017-07-12 09:59:47,custom,0.829166666667,-0.416666666667,0.285416666667,-51.0,stairs,custom
2017-07-12 09:59:48,custom,0.8359375,-0.4125,0.28125,-48.5,stairs,custom
2017-07-12 09:59:49,custom,0.85625,-0.383333333333,0.258333333333,-50.6666666667,stairs,custom
2017-07-12 09:59:50,custom,0.897916666667,-0.325,0.177083333333,-55.6666666667,stairs,custom
2017-07-12 09:59:51,custom,0.884375,-0.3578125,0.159375,-65.0,stairs,custom
2017-07-12 09:59:52,custom,0.872916666667,-0.385416666667,0.160416666667,-62.0,stairs,custom
2017-07-12 09:59:52,kitchen,0.86875,-0.4,0.16875,-88.0,stairs,custom
2017-07-12 09:59:53,custom,0.8625,-0.39375,0.1875,-63.5,stairs,custom
2017-07-12 09:59:54,custom,0.8575,-0.4075,0.19,-69.2,stairs,custom
2017-07-12 09:59:55,custom,0.8625,-0.40625,0.1875,-62.6666666667,stairs,custom
2017-07-12 09:59:56,custom,0.8609375,-0.40625,0.1875,-64.5,stairs,custom
2017-07-12 09:59:57,custom,0.84375,-0.421875,0.196875,-65.0,stairs,custom
2017-07-12 09:59:58,kitchen,0.85,-0.40625,0.2,-104.0,stairs,custom
2017-07-12 09:59:58,bedroom,0.84375,-0.425,0.1875,-101.0,stairs,custom
2017-07-12 09:59:58,custom,0.8578125,-0.4046875,0.178125,-52.25,stairs,custom
2017-07-12 09:59:59,kitchen,0.875,-0.3125,0.21875,-88.0,stairs,custom
2017-07-12 09:59:59,custom,0.88375,-0.33375,0.20875,-54.6,stairs,custom
2017-07-12 10:00:00,kitchen,0.88125,-0.325,0.21875,-93.0,stairs,custom
2017-07-12 10:00:00,custom,0.877083333333,-0.327083333333,0.222916666667,-50.3333333333,stairs,custom
2017-07-12 10:00:01,custom,0.87875,-0.34,0.23,-52.8,stairs,custom
2017-07-12 10:00:02,custom,0.9015625,-0.31875,0.178125,-52.5,stairs,custom
2017-07-12 10:00:02,kitchen,0.91875,-0.325,0.13125,-89.0,stairs,custom
2017-07-12 10:00:03,custom,0.8875,-0.35625,0.1546875,-65.75,stairs,custom
2017-07-12 10:00:04,custom,0.85625,-0.408333333333,0.202083333333,-59.3333333333,stairs,custom
2017-07-12 10:00:05,custom,0.86125,-0.3925,0.2,-57.6,stairs,custom
2017-07-12 10:00:06,kitchen,0.8625,-0.375,0.19375,-101.0,stairs,custom
2017-07-12 10:00:06,custom,0.885416666667,-0.345833333333,0.18125,-57.0,stairs,custom
2017-07-12 10:00:07,bedroom,0.790625,-0.503125,0.05,-92.5,stairs,custom
2017-07-12 10:00:07,custom,0.777083333333,-0.516666666667,0.01875,-39.3333333333,stairs,custom
2017-07-12 10:00:08,bedroom,0.846875,-0.546875,0.071875,-93.0,stairs,custom
2017-07-12 10:00:08,custom,0.815625,-0.5125,0.05,-31.5,stairs,custom
2017-07-12 10:00:09,custom,0.828125,-0.5,0.0375,-25.75,stairs,custom
2017-07-12 10:00:09,living,0.84375,-0.5125,-0.00625,-87.0,stairs,custom
2017-07-12 10:00:09,kitchen,0.7875,-0.5,0.075,-90.0,stairs,custom
2017-07-12 10:01:49,living,0.00833333333333,-0.752083333333,-0.547916666667,-51.6666666667,living,sitting
2017-07-12 10:01:49,bedroom,0.00208333333333,-0.75,-0.547916666667,-86.0,living,sitting
2017-07-12 10:01:50,living,-0.191666666667,-0.84375,-0.472916666667,-60.6666666667,living,sitting
2017-07-12 10:01:50,bedroom,-0.24875,-0.63375,-0.04375,-80.8,living,sitting
2017-07-12 10:01:50,custom,-0.38125,-0.45625,0.4375,-87.0,living,sitting
2017-07-12 10:01:51,living,-0.0895833333333,-0.5875,0.995833333333,-75.6666666667,living,sitting
2017-07-12 10:01:51,bedroom,-0.0895833333333,-0.5875,0.995833333333,-75.0,living,sitting
2017-07-12 10:01:52,custom,-0.05625,-0.675,0.89375,-79.0,living,sitting
2017-07-12 10:01:52,living,-0.0541666666667,-0.441666666667,0.885416666667,-59.6666666667,living,sitting
2017-07-12 10:01:52,bedroom,-0.0604166666667,-0.472916666667,0.8,-78.6666666667,living,sitting
2017-07-12 10:01:53,custom,-0.125,-0.33125,1.18125,-95.0,living,sitting
2017-07-12 10:01:53,living,0.0453125,-0.240625,1.05,-65.75,living,sitting
2017-07-12 10:01:53,bedroom,-0.00625,-0.25625,1.1,-75.0,living,sitting
2017-07-12 10:01:54,living,0.06625,-0.36625,0.9275,-62.4,living,sitting
2017-07-12 10:01:54,bedroom,0.0025,-0.395,0.9225,-81.4,living,sitting
2017-07-12 10:01:55,living,0.2296875,-0.5859375,0.7125,-60.25,living,sitting
2017-07-12 10:01:55,bedroom,0.16875,-0.579166666667,0.627083333333,-69.6666666667,living,sitting
2017-07-12 10:01:55,custom,-0.0125,-0.5375,0.6875,-100.0,living,sitting
2017-07-12 10:01:56,living,0.175,-0.4546875,0.88125,-65.5,living,sitting
2017-07-12 10:01:56,bedroom,0.175,-0.4546875,0.88125,-80.25,living,sitting
2017-07-12 10:01:57,bedroom,0.1671875,-0.534375,0.8265625,-79.25,living,sitting
2017-07-12 10:01:57,living,0.16875,-0.53125,0.825,-65.0,living,sitting
2017-07-12 10:01:58,living,0.15625,-0.5078125,0.8515625,-67.75,living,sitting
2017-07-12 10:01:58,bedroom,0.15625,-0.5078125,0.8515625,-74.25,living,sitting
2017-07-12 10:01:59,living,0.179166666667,-0.48125,0.866666666667,-71.0,living,sitting
2017-07-12 10:01:59,bedroom,0.175,-0.483333333333,0.8625,-77.3333333333,living,sitting
2017-07-12 10:02:00,living,0.178125,-0.4875,0.8609375,-68.5,living,sitting
2017-07-12 10:02:00,bedroom,0.178125,-0.4921875,0.8609375,-83.5,living,sitting
2017-07-12 10:02:01,bedroom,0.175,-0.4953125,0.85625,-72.25,living,sitting
2017-07-12 10:02:01,living,0.175,-0.496875,0.859375,-65.5,living,sitting
2017-07-12 10:02:02,living,0.1875,-0.49625,0.85125,-71.4,living,sitting
2017-07-12 10:02:02,bedroom,0.1875,-0.4984375,0.8515625,-77.25,living,sitting
2017-07-12 10:02:03,living,0.1875,-0.5,0.853125,-67.0,living,sitting
2017-07-12 10:02:03,bedroom,0.1875,-0.5,0.853125,-72.5,living,sitting
2017-07-12 10:02:04,living,0.1828125,-0.49375,0.8609375,-66.0,living,sitting
2017-07-12 10:02:04,bedroom,0.18375,-0.495,0.86,-74.2,living,sitting
2017-07-12 10:02:05,living,0.1875,-0.495833333333,0.85625,-77.0,living,sitting
2017-07-12 10:02:05,bedroom,0.1875,-0.4975,0.8575,-74.2,living,sitting
2017-07-12 10:02:06,living,0.18625,-0.4925,0.85125,-67.6,living,sitting
2017-07-12 10:02:06,bedroom,0.18625,-0.49125,0.85125,-78.6,living,sitting
2017-07-12 10:02:07,bedroom,0.1796875,-0.4984375,0.853125,-72.75,living,sitting
2017-07-12 10:02:07,living,0.1796875,-0.4984375,0.8515625,-72.75,living,sitting
2017-07-12 10:02:08,bedroom,0.1875,-0.491666666667,0.852083333333,-78.0,living,sitting
2017-07-12 10:02:08,living,0.1859375,-0.4921875,0.853125,-67.0,living,sitting
2017-07-12 10:02:09,bedroom,0.184375,-0.4921875,0.8515625,-77.5,living,sitting
2017-07-12 10:02:09,living,0.18125,-0.49375,0.858333333333,-71.0,living,sitting
2017-07-12 10:02:10,living,0.17,-0.49875,0.85375,-71.2,living,sitting
2017-07-12 10:02:10,bedroom,0.1671875,-0.4984375,0.853125,-79.5,living,sitting
2017-07-12 10:02:11,living,0.18125,-0.49375,0.858333333333,-69.6666666667,living,sitting
2017-07-12 10:02:11,bedroom,0.178125,-0.4984375,0.8609375,-79.5,living,sitting
2017-07-12 10:02:12,living,0.1796875,-0.490625,0.859375,-69.0,living,sitting
2017-07-12 10:02:12,bedroom,0.18125,-0.4925,0.85625,-76.6,living,sitting
2017-07-12 10:02:13,living,0.1625,-0.497916666667,0.85625,-69.3333333333,living,sitting
2017-07-12 10:02:13,bedroom,0.164583333333,-0.497916666667,0.85625,-77.3333333333,living,sitting
2017-07-12 10:02:14,bedroom,0.1625,-0.4975,0.8525,-77.6,living,sitting
2017-07-12 10:02:14,living,0.1640625,-0.496875,0.853125,-66.5,living,sitting
2017-07-12 10:02:15,bedroom,0.170833333333,-0.497916666667,0.864583333333,-77.0,living,sitting
2017-07-12 10:02:15,living,0.16875,-0.5,0.8625,-76.0,living,sitting
2017-07-12 10:02:16,living,0.1609375,-0.4953125,0.85625,-69.25,living,sitting
2017-07-12 10:02:16,bedroom,0.1609375,-0.4953125,0.85625,-76.25,living,sitting
2017-07-12 10:02:17,living,0.16,-0.5,0.85875,-70.4,living,sitting
2017-07-12 10:02:17,bedroom,0.159375,-0.5,0.859375,-80.75,living,sitting
2017-07-12 10:02:18,living,0.175,-0.49375,0.854166666667,-73.0,living,sitting
2017-07-12 10:02:18,bedroom,0.175,-0.49375,0.85625,-80.0,living,sitting
2017-07-12 10:02:19,living,0.175,-0.509375,0.859375,-68.5,living,sitting
2017-07-12 10:02:19,bedroom,0.175,-0.5075,0.8575,-77.8,living,sitting
2017-07-12 10:02:20,bedroom,0.165,-0.49875,0.85875,-73.8,living,sitting
2017-07-12 10:02:20,living,0.1640625,-0.5,0.859375,-67.75,living,sitting
2017-07-12 10:02:21,bedroom,0.171875,-0.49375,0.8609375,-75.25,living,sitting
2017-07-12 10:02:21,living,0.172916666667,-0.491666666667,0.854166666667,-71.0,living,sitting
2017-07-12 10:02:22,living,0.1703125,-0.496875,0.865625,-73.0,living,sitting
2017-07-12 10:02:22,bedroom,0.1625,-0.5,0.86875,-86.0,living,sitting
2017-07-12 10:02:23,living,0.158333333333,-0.497916666667,0.858333333333,-68.3333333333,living,sitting
2017-07-12 10:02:23,bedroom,0.15625,-0.496875,0.85625,-76.0,living,sitting
2017-07-12 10:02:24,bedroom,0.16125,-0.49875,0.85625,-80.0,living,sitting
2017-07-12 10:02:24,living,0.1609375,-0.4984375,0.85625,-76.75,living,sitting
2017-07-12 10:02:25,living,0.17125,-0.49625,0.86125,-73.0,living,sitting
2017-07-12 10:02:25,bedroom,0.17125,-0.49625,0.86125,-82.2,living,sitting
2017-07-12 10:02:26,living,0.17375,-0.49,0.86125,-71.6,living,sitting
2017-07-12 10:02:26,bedroom,0.175,-0.4875,0.8625,-71.75,living,sitting
2017-07-12 10:02:27,living,0.1625,-0.495833333333,0.858333333333,-62.3333333333,living,sitting
2017-07-12 10:02:27,bedroom,0.165625,-0.4953125,0.8578125,-80.5,living,sitting
2017-07-12 10:02:28,bedroom,0.18375,-0.49125,0.8625,-77.2,living,sitting
2017-07-12 10:02:28,living,0.184375,-0.4953125,0.8625,-68.5,living,sitting
2017-07-12 10:02:29,custom,0.0875,-0.85625,0.4875,-85.0,living,sitting
2017-07-12 10:02:29,living,-0.0145833333333,-0.822916666667,0.39375,-65.0,living,sitting
2017-07-12 10:02:29,bedroom,-0.03625,-0.67875,0.6075,-78.8,living,sitting
2017-07-12 10:02:30,living,-0.09125,-0.46625,0.88625,-64.6,living,sitting
2017-07-12 10:02:30,bedroom,-0.090625,-0.46875,0.8859375,-79.5,living,sitting
2017-07-12 10:02:31,living,-0.09375,-0.46875,0.875,-79.0,living,sitting
2017-07-12 10:02:31,bedroom,-0.09375,-0.4671875,0.88125,-76.5,living,sitting
2017-07-12 10:02:32,living,-0.0953125,-0.4734375,0.8765625,-63.75,living,sitting
2017-07-12 10:02:32,bedroom,-0.0953125,-0.4703125,0.875,-75.25,living,sitting
2017-07-12 10:02:32,custom,-0.1,-0.46875,0.875,-93.5,living,sitting
2017-07-12 10:02:33,bedroom,-0.09375,-0.47125,0.8775,-77.4,living,sitting
2017-07-12 10:02:33,living,-0.09375,-0.471875,0.875,-63.5,living,sitting
2017-07-12 10:02:33,custom,-0.09375,-0.46875,0.875,-89.0,living,sitting
2017-07-12 10:02:34,living,-0.0925,-0.47375,0.87125,-70.8,living,sitting
2017-07-12 10:02:34,bedroom,-0.0925,-0.47375,0.87125,-78.6,living,sitting
2017-07-12 10:02:35,bedroom,-0.09625,-0.48375,0.875,-72.8,living,sitting
2017-07-12 10:02:35,living,-0.095,-0.48625,0.875,-62.4,living,sitting
2017-07-12 10:02:36,living,-0.09375,-0.48875,0.8775,-64.0,living,sitting
2017-07-12 10:02:36,bedroom,-0.09375,-0.490625,0.875,-81.5,living,sitting
2017-07-12 10:02:36,custom,-0.09375,-0.48125,0.875,-83.0,living,sitting
2017-07-12 10:02:37,living,-0.09375,-0.485416666667,0.875,-64.6666666667,living,sitting
2017-07-12 10:02:37,bedroom,-0.103125,-0.4828125,0.8734375,-75.5,living,sitting
2017-07-12 10:02:38,living,-0.0875,-0.48125,0.88125,-59.0,living,sitting
2017-07-12 10:02:38,bedroom,-0.09375,-0.4875,0.875,-78.6666666667,living,sitting
2017-07-12 10:02:39,bedroom,-0.090625,-0.4875,0.875,-73.5,living,sitting
2017-07-12 10:02:39,living,-0.0875,-0.485,0.875,-68.4,living,sitting
2017-07-12 10:02:40,living,-0.0833333333333,-0.491666666667,0.875,-64.3333333333,living,sitting
2017-07-12 10:02:40,bedroom,-0.0828125,-0.4875,0.875,-78.5,living,sitting
2017-07-12 10:02:41,living,-0.0921875,-0.4921875,0.8796875,-70.75,living,sitting
2017-07-12 10:02:41,bedroom,-0.0916666666667,-0.491666666667,0.88125,-74.3333333333,living,sitting
2017-07-12 10:02:42,living,-0.08875,-0.4925,0.875,-64.8,living,sitting
2017-07-12 10:02:42,bedroom,-0.0875,-0.491666666667,0.875,-76.0,living,sitting
2017-07-12 10:02:43,living,-0.0875,-0.489583333333,0.875,-69.3333333333,living,sitting
2017-07-12 10:02:43,bedroom,-0.08625,-0.49125,0.875,-79.2,living,sitting
2017-07-12 10:02:44,living,-0.08125,-0.490625,0.878125,-71.25,living,sitting
2017-07-12 10:02:44,bedroom,-0.0833333333333,-0.491666666667,0.879166666667,-74.3333333333,living,sitting
2017-07-12 10:02:44,custom,-0.08125,-0.48125,0.88125,-89.0,living,sitting
2017-07-12 10:02:45,bedroom,-0.0875,-0.483333333333,0.877083333333,-73.6666666667,living,sitting
2017-07-12 10:02:45,living,-0.0890625,-0.4875,0.8765625,-68.5,living,sitting
2017-07-12 10:02:46,bedroom,-0.0770833333333,-0.485416666667,0.875,-73.0,living,sitting
2017-07-12 10:02:46,living,-0.078125,-0.4890625,0.8734375,-60.25,living,sitting
2017-07-12 10:02:47,bedroom,-0.0875,-0.49,0.87,-72.8,living,sitting
2017-07-12 10:02:47,living,-0.0875,-0.49,0.87,-68.6,living,sitting
2017-07-12 10:02:48,bedroom,-0.08625,-0.49125,0.875,-77.0,living,sitting
2017-07-12 10:02:48,living,-0.0833333333333,-0.489583333333,0.875,-71.0,living,sitting
2017-07-12 10:02:49,custom,-0.08125,-0.4875,0.875,-100.0,living,sitting
2017-07-12 10:02:49,bedroom,-0.0875,-0.484375,0.878125,-75.5,living,sitting
2017-07-12 10:02:49,living,-0.09375,-0.49375,0.875,-60.0,living,sitting
2017-07-12 10:02:50,bedroom,-0.09375,-0.49375,0.86875,-68.0,living,sitting
2017-07-12 10:02:50,living,-0.0921875,-0.4953125,0.871875,-64.75,living,sitting
2017-07-12 10:02:51,living,-0.09125,-0.49125,0.8775,-60.6,living,sitting
2017-07-12 10:02:51,bedroom,-0.0925,-0.49125,0.8775,-75.0,living,sitting
2017-07-12 10:02:52,living,-0.078125,-0.4796875,0.878125,-69.5,living,sitting
2017-07-12 10:02:52,bedroom,-0.0770833333333,-0.479166666667,0.879166666667,-79.0,living,sitting
2017-07-12 10:02:52,custom,-0.0875,-0.4875,0.875,-98.0,living,sitting
2017-07-12 10:02:53,living,-0.084375,-0.4921875,0.875,-64.5,living,sitting
2017-07-12 10:02:53,bedroom,-0.0825,-0.48875,0.875,-73.6,living,sitting
2017-07-12 10:02:53,custom,-0.08125,-0.4875,0.875,-89.0,living,sitting
2017-07-12 10:02:54,bedroom,-0.0921875,-0.4984375,0.875,-75.75,living,sitting
2017-07-12 10:02:54,living,-0.0921875,-0.4984375,0.875,-64.75,living,sitting
2017-07-12 10:02:55,bedroom,-0.0916666666667,-0.497916666667,0.870833333333,-74.3333333333,living,sitting
2017-07-12 10:02:55,living,-0.0925,-0.4975,0.87,-65.0,living,sitting
2017-07-12 10:02:56,living,-0.09375,-0.5,0.8703125,-65.0,living,sitting
2017-07-12 10:02:56,bedroom,-0.09375,-0.5,0.8703125,-78.75,living,sitting
2017-07-12 10:02:57,living,-0.0953125,-0.5,0.871875,-65.25,living,sitting
2017-07-12 10:02:57,bedroom,-0.09625,-0.5,0.87125,-77.2,living,sitting
2017-07-12 10:02:58,living,-0.0975,-0.5,0.86875,-64.8,living,sitting
2017-07-12 10:02:58,bedroom,-0.096875,-0.5,0.8703125,-77.5,living,sitting
2017-07-12 10:02:59,living,-0.1,-0.50125,0.87125,-65.6,living,sitting
2017-07-12 10:02:59,bedroom,-0.1,-0.4984375,0.871875,-73.25,living,sitting
2017-07-12 10:03:00,bedroom,-0.1,-0.496875,0.86875,-77.0,living,sitting
2017-07-12 10:03:00,living,-0.1025,-0.49875,0.86875,-61.8,living,sitting
2017-07-12 10:03:01,bedroom,-0.0953125,-0.484375,0.875,-80.0,living,sitting
2017-07-12 10:03:01,living,-0.0953125,-0.4859375,0.875,-70.0,living,sitting
2017-07-12 10:03:02,custom,-0.06875,-0.48125,0.875,-103.0,living,sitting
2017-07-12 10:03:02,living,-0.0770833333333,-0.48125,0.879166666667,-62.3333333333,living,sitting
2017-07-12 10:03:02,bedroom,-0.075,-0.48125,0.878125,-75.25,living,sitting
2017-07-12 10:03:03,living,-0.08125,-0.4765625,0.875,-70.0,living,sitting
2017-07-12 10:03:03,bedroom,-0.08125,-0.47875,0.87625,-76.4,living,sitting
2017-07-12 10:03:03,custom,-0.0875,-0.4875,0.875,-84.0,living,sitting
2017-07-12 10:03:04,living,-0.0890625,-0.4875,0.8734375,-63.5,living,sitting
2017-07-12 10:03:04,bedroom,-0.0890625,-0.4875,0.8734375,-76.5,living,sitting
2017-07-12 10:03:04,custom,-0.0875,-0.48125,0.86875,-88.0,living,sitting
2017-07-12 10:03:05,living,-0.08125,-0.475,0.87875,-68.8,living,sitting
2017-07-12 10:03:05,bedroom,-0.08125,-0.4765625,0.8765625,-69.75,living,sitting
2017-07-12 10:03:06,living,-0.0921875,-0.4875,0.875,-68.75,living,sitting
2017-07-12 10:03:06,bedroom,-0.084375,-0.48125,0.875,-77.5,living,sitting
2017-07-12 10:03:07,bedroom,-0.08625,-0.47875,0.8775,-76.0,living,sitting
2017-07-12 10:03:07,living,-0.084375,-0.478125,0.878125,-66.25,living,sitting
2017-07-12 10:03:08,living,-0.0875,-0.485,0.875,-66.4,living,sitting
2017-07-12 10:03:08,bedroom,-0.0875,-0.485,0.875,-76.2,living,sitting
2017-07-12 10:03:09,living,-0.095,-0.49625,0.8675,-66.0,living,sitting
2017-07-12 10:03:09,bedroom,-0.09375,-0.4921875,0.86875,-72.0,living,sitting
2017-07-12 10:03:10,living,-0.0828125,-0.4703125,0.8828125,-70.25,living,sitting
2017-07-12 10:03:10,bedroom,-0.0854166666667,-0.46875,0.885416666667,-79.3333333333,living,sitting
2017-07-12 10:03:11,living,-0.08625,-0.48875,0.875,-65.2,living,sitting
2017-07-12 10:03:11,bedroom,-0.08625,-0.48875,0.875,-74.4,living,sitting
2017-07-12 10:03:12,bedroom,-0.0921875,-0.49375,0.875,-77.5,living,sitting
2017-07-12 10:03:12,custom,-0.08125,-0.48125,0.875,-88.0,living,sitting
2017-07-12 10:03:12,living,-0.0890625,-0.4875,0.875,-69.5,living,sitting
2017-07-12 10:03:13,living,-0.07375,-0.47625,0.87875,-66.6,living,sitting
2017-07-12 10:03:13,bedroom,-0.07375,-0.47625,0.87875,-73.8,living,sitting
2017-07-12 10:03:14,bedroom,-0.090625,-0.4890625,0.8765625,-74.25,living,sitting
2017-07-12 10:03:14,living,-0.0890625,-0.4890625,0.875,-66.0,living,sitting
2017-07-12 10:03:15,living,-0.08375,-0.4775,0.88125,-65.4,living,sitting
2017-07-12 10:03:15,bedroom,-0.08125,-0.4765625,0.8828125,-75.75,living,sitting
2017-07-12 10:03:15,custom,-0.08125,-0.46875,0.8875,-100.0,living,sitting
2017-07-12 10:03:16,living,-0.090625,-0.4703125,0.884375,-63.75,living,sitting
2017-07-12 10:03:16,bedroom,-0.090625,-0.4703125,0.884375,-76.0,living,sitting
2017-07-12 10:03:16,custom,-0.09375,-0.475,0.88125,-93.0,living,sitting
2017-07-12 10:03:17,living,-0.09375,-0.475,0.878125,-64.5,living,sitting
2017-07-12 10:03:17,bedroom,-0.09375,-0.479166666667,0.879166666667,-75.0,living,sitting
2017-07-12 10:03:18,living,-0.0875,-0.479166666667,0.879166666667,-73.3333333333,living,sitting
2017-07-12 10:03:18,bedroom,-0.0875,-0.4796875,0.8796875,-71.5,living,sitting
2017-07-12 10:03:19,bedroom,-0.08625,-0.4825,0.87875,-74.2,living,sitting
2017-07-12 10:03:19,living,-0.0859375,-0.48125,0.878125,-68.5,living,sitting
2017-07-12 10:03:20,living,-0.0875,-0.4875,0.875,-71.25,living,sitting
2017-07-12 10:03:21,living,-0.09,-0.48625,0.87125,-65.8,living,sitting
2017-07-12 10:03:21,bedroom,-0.09,-0.48625,0.87125,-72.0,living,sitting
2017-07-12 10:03:21,custom,-0.09375,-0.5,0.86875,-89.0,living,sitting
2017-07-12 10:03:22,living,-0.0875,-0.48125,0.878125,-67.5,living,sitting
2017-07-12 10:03:22,bedroom,-0.0854166666667,-0.48125,0.879166666667,-81.0,living,sitting
2017-07-12 10:03:23,living,-0.09375,-0.48125,0.8765625,-66.25,living,sitting
2017-07-12 10:03:23,bedroom,-0.09375,-0.4825,0.87875,-71.0,living,sitting
2017-07-12 10:03:23,custom,-0.09375,-0.49375,0.875,-87.0,living,sitting
2017-07-12 10:03:24,living,-0.0895833333333,-0.485416666667,0.88125,-69.3333333333,living,sitting
2017-07-12 10:03:24,bedroom,-0.09125,-0.48125,0.87875,-79.0,living,sitting
2017-07-12 10:03:25,bedroom,-0.0916666666667,-0.482291666667,0.873958333333,-74.3333333333,living,sitting
2017-07-12 10:03:25,living,-0.0921875,-0.484375,0.875,-63.75,living,sitting
2017-07-12 10:03:25,custom,-0.09375,-0.49375,0.875,-86.0,living,sitting
2017-07-12 10:03:26,living,-0.075,-0.48125,0.875,-66.5,living,sitting
2017-07-12 10:03:26,bedroom,-0.0791666666667,-0.48125,0.875,-81.6666666667,living,sitting
2017-07-12 10:03:27,living,-0.08125,-0.4775,0.87125,-66.6,living,sitting
2017-07-12 10:03:27,bedroom,-0.0796875,-0.478125,0.86875,-76.75,living,sitting
2017-07-12 10:03:28,living,-0.0796875,-0.4734375,0.875,-63.0,living,sitting
2017-07-12 10:03:28,bedroom,-0.078125,-0.471875,0.875,-72.0,living,sitting
2017-07-12 10:03:29,living,-0.08125,-0.48125,0.875,-61.3333333333,living,sitting
2017-07-12 10:03:29,bedroom,-0.085,-0.47625,0.87625,-72.8,living,sitting
2017-07-12 10:03:30,living,-0.0796875,-0.4875,0.8734375,-68.25,living,sitting
2017-07-12 10:03:30,bedroom,-0.08,-0.48875,0.8725,-74.4,living,sitting
2017-07-12 10:03:30,custom,-0.08125,-0.49375,0.875,-85.0,living,sitting
2017-07-12 10:03:31,custom,-0.0875,-0.48125,0.875,-84.0,living,sitting
2017-07-12 10:03:31,living,-0.084375,-0.484375,0.875,-63.25,living,sitting
2017-07-12 10:03:31,bedroom,-0.0825,-0.48375,0.875,-76.8,living,sitting
2017-07-12 10:03:32,living,-0.08125,-0.4828125,0.8703125,-69.0,living,sitting
2017-07-12 10:03:32,bedroom,-0.0770833333333,-0.485416666667,0.870833333333,-75.0,living,sitting
2017-07-12 10:03:32,custom,-0.06875,-0.4875,0.875,-90.0,living,sitting
2017-07-12 10:03:33,living,-0.075,-0.483333333333,0.88125,-70.3333333333,living,sitting
2017-07-12 10:03:33,bedroom,-0.075,-0.483333333333,0.879166666667,-74.6666666667,living,sitting
2017-07-12 10:03:33,custom,-0.075,-0.4875,0.875,-90.0,living,sitting
2017-07-12 10:03:34,living,-0.075,-0.48125,0.878125,-68.0,living,sitting
2017-07-12 10:03:34,bedroom,-0.075,-0.4825,0.8775,-76.0,living,sitting
2017-07-12 10:03:34,custom,-0.075,-0.48125,0.878125,-85.0,living,sitting
2017-07-12 10:03:35,living,-0.0796875,-0.4765625,0.875,-63.75,living,sitting
2017-07-12 10:03:35,bedroom,-0.0770833333333,-0.475,0.875,-75.0,living,sitting
2017-07-12 10:03:36,living,-0.07625,-0.48125,0.875,-66.8,living,sitting
2017-07-12 10:03:36,bedroom,-0.075,-0.4828125,0.875,-80.0,living,sitting
2017-07-12 10:03:37,living,-0.08125,-0.490625,0.875,-61.0,living,sitting
2017-07-12 10:03:37,custom,-0.075,-0.49375,0.875,-89.0,living,sitting
2017-07-12 10:03:37,bedroom,-0.08125,-0.4875,0.875,-77.5,living,sitting
2017-07-12 10:03:38,bedroom,-0.090625,-0.4890625,0.875,-71.5,living,sitting
2017-07-12 10:03:38,living,-0.090625,-0.4890625,0.875,-66.5,living,sitting
2017-07-12 10:03:38,custom,-0.090625,-0.49375,0.875,-93.5,living,sitting
2017-07-12 10:03:39,living,-0.0859375,-0.4890625,0.875,-64.75,living,sitting
2017-07-12 10:03:39,bedroom,-0.084375,-0.490625,0.875,-76.0,living,sitting
2017-07-12 10:03:40,bedroom,-0.075,-0.490625,0.8765625,-75.5,living,sitting
2017-07-12 10:03:40,living,-0.07875,-0.49,0.87625,-63.8,living,sitting
2017-07-12 10:03:41,living,-0.08125,-0.485416666667,0.877083333333,-65.6666666667,living,sitting
2017-07-12 10:03:41,bedroom,-0.075,-0.4875,0.877083333333,-67.6666666667,living,sitting
2017-07-12 10:03:42,living,-0.0890625,-0.490625,0.875,-65.75,living,sitting
2017-07-12 10:03:42,bedroom,-0.09,-0.49,0.87625,-80.8,living,sitting
2017-07-12 10:03:43,bedroom,-0.0916666666667,-0.491666666667,0.870833333333,-75.6666666667,living,sitting
2017-07-12 10:03:43,custom,-0.09375,-0.4875,0.86875,-97.0,living,sitting
2017-07-12 10:03:43,living,-0.0916666666667,-0.4875,0.872916666667,-71.0,living,sitting
2017-07-12 10:03:44,living,-0.0875,-0.4859375,0.8765625,-66.75,living,sitting
2017-07-12 10:03:44,bedroom,-0.0854166666667,-0.48125,0.875,-75.3333333333,living,sitting
2017-07-12 10:03:44,custom,-0.09375,-0.49375,0.875,-86.0,living,sitting
2017-07-12 10:03:45,living,-0.08625,-0.49125,0.875,-61.8,living,sitting
2017-07-12 10:03:45,bedroom,-0.08625,-0.49125,0.875,-78.6,living,sitting
2017-07-12 10:03:45,custom,-0.084375,-0.490625,0.875,-92.5,living,sitting
2017-07-12 10:03:46,custom,-0.00625,-0.51875,1.04375,-90.5,living,sitting
2017-07-12 10:03:46,bedroom,-0.152083333333,-0.460416666667,0.835416666667,-68.6666666667,living,sitting
2017-07-12 10:03:46,living,-0.129166666667,-0.372916666667,0.897916666667,-58.3333333333,living,sitting
2017-07-12 10:03:47,living,-0.285,-0.56625,0.71,-64.8,living,sitting
2017-07-12 10:03:47,bedroom,-0.286458333333,-0.553125,0.727083333333,-79.8333333333,living,sitting
2017-07-12 10:03:47,custom,-0.234375,-0.65625,0.69375,-87.0,living,sitting
2017-07-12 10:03:48,living,-0.08,-0.70375,0.6875,-56.6,living,sitting
2017-07-12 10:03:48,bedroom,-0.08,-0.70375,0.6875,-73.0,living,sitting
2017-07-12 10:03:48,custom,-0.0375,-0.625,0.76875,-98.0,living,sitting
2017-07-12 10:03:49,living,-0.2046875,-0.64375,0.740625,-61.75,living,sitting
2017-07-12 10:03:49,bedroom,-0.22625,-0.62875,0.73375,-73.4,living,sitting
2017-07-12 10:05:19,custom,0.9484375,-0.2453125,-0.01875,-83.75,kitchen,walking
2017-07-12 10:05:19,living,0.99375,-0.23125,0.0375,-99.0,kitchen,walking
2017-07-12 10:05:19,kitchen,0.933333333333,-0.25,-0.0375,-66.0,kitchen,walking
2017-07-12 10:05:20,kitchen,0.960416666667,-0.233333333333,0.10625,-70.3333333333,kitchen,walking
2017-07-12 10:05:20,custom,0.960416666667,-0.233333333333,0.10625,-77.6666666667,kitchen,walking
2017-07-12 10:05:21,custom,0.928125,-0.203125,0.040625,-85.5,kitchen,walking
2017-07-12 10:05:21,kitchen,0.935,-0.24875,-0.0125,-79.2,kitchen,walking
2017-07-12 10:05:22,kitchen,0.9125,-0.210416666667,0.122916666667,-82.6666666667,kitchen,walking
2017-07-12 10:05:23,kitchen,0.9390625,-0.225,0.0609375,-76.0,kitchen,walking
2017-07-12 10:05:23,custom,0.96875,-0.2625,-0.1,-90.0,kitchen,walking
2017-07-12 10:05:24,kitchen,0.9375,-0.28125,-0.108333333333,-79.0,kitchen,walking
2017-07-12 10:05:24,custom,0.9125,-0.29375,-0.146875,-83.5,kitchen,walking
2017-07-12 10:05:25,kitchen,0.940625,-0.21875,0.0625,-74.0,kitchen,walking
2017-07-12 10:05:26,kitchen,0.94875,-0.2425,0.04625,-57.0,kitchen,walking
2017-07-12 10:05:27,kitchen,0.93125,-0.257291666667,0.0822916666667,-63.6666666667,kitchen,walking
2017-07-12 10:05:28,custom,0.89375,-0.165625,0.121875,-90.5,kitchen,walking
2017-07-12 10:05:28,kitchen,0.93,-0.23125,0.02,-73.4,kitchen,walking
2017-07-12 10:05:29,kitchen,0.95,-0.28125,-0.11875,-66.0,kitchen,walking
2017-07-12 10:05:29,custom,0.91875,-0.24375,0.06875,-93.0,kitchen,walking
2017-07-12 10:05:29,living,0.95625,-0.25,0.0375,-89.0,kitchen,walking
2017-07-12 10:05:30,living,0.9625,-0.2625,-0.04375,-90.0,kitchen,walking
2017-07-12 10:05:30,kitchen,0.952083333333,-0.230208333333,0.03125,-70.0,kitchen,walking
2017-07-12 10:05:30,custom,0.9625,-0.2625,-0.04375,-86.0,kitchen,walking
2017-07-12 10:05:31,kitchen,0.94375,-0.225,0.09375,-61.0,kitchen,walking
2017-07-12 10:05:31,custom,0.95625,-0.2625,0.115625,-82.0,kitchen,walking
2017-07-12 10:05:32,kitchen,0.966666666667,-0.233333333333,0.0770833333333,-55.6666666667,kitchen,walking
2017-07-12 10:05:33,kitchen,0.939583333333,-0.316666666667,-0.0791666666667,-60.3333333333,kitchen,walking
2017-07-12 10:05:34,kitchen,0.878125,-0.3796875,0.0859375,-58.5,kitchen,walking
2017-07-12 10:05:35,kitchen,0.608333333333,-0.435416666667,0.43125,-67.3333333333,kitchen,walking
2017-07-12 10:05:36,kitchen,0.715625,-0.328125,0.5640625,-71.5,kitchen,walking
2017-07-12 10:05:37,kitchen,0.98125,-0.1203125,-0.0109375,-65.25,kitchen,walking
2017-07-12 10:05:37,custom,0.96875,0.0125,0.0375,-86.0,kitchen,walking
2017-07-12 10:05:38,custom,0.975,-0.25625,-0.071875,-87.0,kitchen,walking
2017-07-12 10:05:38,kitchen,0.93125,-0.215625,-0.0296875,-62.5,kitchen,walking
2017-07-12 10:05:39,living,1.00625,-0.16875,0.19375,-86.0,kitchen,walking
2017-07-12 10:05:39,kitchen,0.9546875,-0.1921875,0.0421875,-73.75,kitchen,walking
2017-07-12 10:05:39,custom,0.93125,-0.175,0.08125,-94.0,kitchen,walking
2017-07-12 10:05:40,living,0.925,-0.2375,0.03125,-85.0,kitchen,walking
2017-07-12 10:05:40,kitchen,0.95625,-0.234375,0.0421875,-70.5,kitchen,walking
2017-07-12 10:05:40,custom,0.975,-0.23125,0.0333333333333,-77.3333333333,kitchen,walking
2017-07-12 10:05:41,kitchen,0.9609375,-0.1796875,0.053125,-70.5,kitchen,walking
2017-07-12 10:05:41,custom,0.929166666667,-0.170833333333,0.06875,-84.3333333333,kitchen,walking
2017-07-12 10:05:42,kitchen,0.9475,-0.21125,0.02,-76.4,kitchen,walking
2017-07-12 10:05:42,custom,0.878125,-0.2125,0.00625,-98.5,kitchen,walking
2017-07-12 10:05:43,kitchen,0.9875,-0.215625,0.065625,-75.5,kitchen,walking
2017-07-12 10:05:43,custom,0.9,-0.05625,0.20625,-85.0,kitchen,walking
2017-07-12 10:05:44,kitchen,0.9125,-0.2,0.08125,-63.5,kitchen,walking
2017-07-12 10:05:45,kitchen,0.920833333333,-0.18125,0.104166666667,-74.3333333333,kitchen,walking
2017-07-12 10:05:46,kitchen,0.95,-0.195,-0.035,-63.4,kitchen,walking
2017-07-12 10:05:47,kitchen,0.98125,-0.190625,0.171875,-62.0,kitchen,walking
2017-07-12 10:05:48,kitchen,0.95625,-0.225,0.0270833333333,-69.3333333333,kitchen,walking
2017-07-12 10:05:48,custom,0.95,-0.278125,0.040625,-93.0,kitchen,walking
2017-07-12 10:05:49,kitchen,0.9265625,-0.1421875,0.1046875,-63.25,kitchen,walking
2017-07-12 10:05:50,kitchen,0.921875,-0.28125,-0.0109375,-60.5,kitchen,walking
2017-07-12 10:05:50,custom,0.9375,-0.246875,0.053125,-89.5,kitchen,walking
2017-07-12 10:05:51,kitchen,0.9125,-0.190625,0.046875,-61.5,kitchen,walking
2017-07-12 10:05:51,custom,0.9875,-0.171875,-0.003125,-91.0,kitchen,walking
2017-07-12 10:05:52,kitchen,0.95,-0.18625,0.11125,-54.2,kitchen,walking
2017-07-12 10:05:52,custom,0.9125,-0.18125,-0.025,-94.0,kitchen,walking
2017-07-12 10:05:53,custom,0.954166666667,-0.177083333333,0.09375,-90.0,kitchen,walking
2017-07-12 10:05:53,kitchen,0.95,-0.1890625,0.075,-60.75,kitchen,walking
2017-07-12 10:05:54,custom,0.9640625,-0.2125,0.06875,-86.75,kitchen,walking
2017-07-12 10:05:54,kitchen,0.9375,-0.2046875,0.0734375,-78.25,kitchen,walking
2017-07-12 10:05:55,kitchen,0.91875,-0.108333333333,0.208333333333,-75.3333333333,kitchen,walking
2017-07-12 10:05:55,custom,0.904166666667,-0.116666666667,0.175,-82.3333333333,kitchen,walking
2017-07-12 10:05:56,kitchen,0.9875,-0.125,0.1,-72.6666666667,kitchen,walking
2017-07-12 10:05:56,custom,0.960416666667,-0.139583333333,0.0541666666667,-81.0,kitchen,walking
2017-07-12 10:05:57,kitchen,0.94375,-0.209375,0.084375,-68.25,kitchen,walking
2017-07-12 10:05:57,custom,0.941666666667,-0.20625,0.0979166666667,-94.3333333333,kitchen,walking
2017-07-12 10:05:58,kitchen,0.958333333333,-0.216666666667,0.075,-69.3333333333,kitchen,walking
2017-07-12 10:05:59,kitchen,0.902083333333,-0.191666666667,0.11875,-67.3333333333,kitchen,walking
2017-07-12 10:06:00,custom,0.925,-0.2625,-0.09375,-98.0,kitchen,walking
2017-07-12 10:06:00,kitchen,0.95,-0.225,-0.08125,-48.0,kitchen,walking
2017-07-12 10:06:01,custom,0.91875,-0.2375,0.121875,-88.5,kitchen,walking
2017-07-12 10:06:01,kitchen,0.960416666667,-0.2125,0.0854166666667,-66.3333333333,kitchen,walking
2017-07-12 10:06:02,living,0.95625,-0.2375,-0.0625,-103.0,kitchen,walking
2017-07-12 10:06:02,kitchen,0.9375,-0.275,-0.06875,-73.5,kitchen,walking
2017-07-12 10:06:02,custom,0.9375,-0.275,-0.06875,-86.75,kitchen,walking
2017-07-12 10:06:03,living,0.925,-0.18125,0.0895833333333,-94.6666666667,kitchen,walking
2017-07-12 10:06:03,kitchen,0.9453125,-0.203125,0.053125,-74.75,kitchen,walking
2017-07-12 10:06:03,custom,0.895833333333,-0.164583333333,0.133333333333,-78.0,kitchen,walking
2017-07-12 10:06:04,kitchen,0.975,-0.2125,0.0208333333333,-75.0,kitchen,walking
2017-07-12 10:06:04,custom,0.959375,-0.203125,-0.05,-82.0,kitchen,walking
2017-07-12 10:06:05,custom,0.89375,-0.13125,0.14375,-92.0,kitchen,walking
2017-07-12 10:06:05,kitchen,0.942708333333,-0.177083333333,0.136458333333,-78.1666666667,kitchen,walking
2017-07-12 10:06:06,kitchen,0.95,-0.239583333333,-0.04375,-73.6666666667,kitchen,walking
2017-07-12 10:06:07,kitchen,0.925,-0.1859375,0.084375,-67.75,kitchen,walking
2017-07-12 10:06:08,kitchen,0.953125,-0.2421875,0.046875,-68.75,kitchen,walking
2017-07-12 10:06:09,kitchen,1.003125,-0.2125,0.059375,-45.5,kitchen,walking
2017-07-12 10:06:10,kitchen,0.97,-0.225,-0.0875,-68.6,kitchen,walking
2017-07-12 10:06:10,custom,0.925,-0.233333333333,-0.15625,-87.0,kitchen,walking
2017-07-12 10:06:11,custom,0.946875,-0.1875,0.10625,-88.0,kitchen,walking
2017-07-12 10:06:11,kitchen,0.9296875,-0.18125,0.040625,-75.25,kitchen,walking
2017-07-12 10:06:12,custom,0.94125,-0.22125,0.04625,-86.2,kitchen,walking
2017-07-12 10:06:12,kitchen,0.94125,-0.22125,0.04625,-75.0,kitchen,walking
2017-07-12 10:06:13,kitchen,0.9453125,-0.2015625,0.0171875,-78.5,kitchen,walking
2017-07-12 10:06:13,custom,0.95125,-0.21125,0.035,-86.6,kitchen,walking
2017-07-12 10:06:14,kitchen,0.978125,-0.18125,0.071875,-69.5,kitchen,walking
2017-07-12 10:06:14,custom,0.9125,-0.13125,0.1,-83.0,kitchen,walking
2017-07-12 10:06:15,kitchen,0.9625,-0.179166666667,0.0395833333333,-66.0,kitchen,walking
2017-07-12 10:06:15,custom,0.9625,-0.179166666667,0.0395833333333,-84.6666666667,kitchen,walking
2017-07-12 10:06:16,kitchen,0.971875,-0.1171875,0.053125,-73.0,kitchen,walking
2017-07-12 10:06:17,kitchen,1.00416666667,-0.254166666667,0.075,-73.6666666667,kitchen,walking
2017-07-12 10:06:18,custom,0.90625,-0.2,0.2,-85.0,kitchen,walking
2017-07-12 10:06:18,kitchen,0.9325,-0.24125,0.0925,-75.2,kitchen,walking
2017-07-12 10:06:19,kitchen,0.8575,-0.36875,0.14625,-62.4,kitchen,walking
2017-07-12 10:06:20,kitchen,0.420833333333,-0.64375,0.239583333333,-54.0,kitchen,walking
2017-07-12 10:06:21,kitchen,1.0546875,-0.1015625,-0.0265625,-58.75,kitchen,walking
2017-07-12 10:06:22,kitchen,0.914583333333,-0.302083333333,-0.166666666667,-61.3333333333,kitchen,walking
2017-07-12 10:06:23,living,0.89375,-0.11875,0.05,-89.0,kitchen,walking
2017-07-12 10:06:23,kitchen,0.9359375,-0.2703125,0.015625,-67.75,kitchen,walking
2017-07-12 10:06:23,custom,0.925,-0.2375,0.040625,-83.5,kitchen,walking
2017-07-12 10:06:24,kitchen,0.928125,-0.215625,0.00625,-69.5,kitchen,walking
2017-07-12 10:06:24,custom,0.9375,-0.221875,-0.0140625,-83.25,kitchen,walking
2017-07-12 10:06:25,kitchen,0.95625,-0.1890625,0.0421875,-75.5,kitchen,walking
2017-07-12 10:06:25,custom,0.955,-0.2,0.04,-91.2,kitchen,walking
2017-07-12 10:06:26,custom,1.00625,-0.20625,0.0375,-91.0,kitchen,walking
2017-07-12 10:06:26,kitchen,0.954166666667,-0.185416666667,-0.00625,-80.0,kitchen,walking
2017-07-12 10:06:27,kitchen,0.9625,-0.1725,0.1075,-74.2,kitchen,walking
2017-07-12 10:06:27,custom,0.9875,-0.23125,0.075,-86.0,kitchen,walking
2017-07-12 10:06:28,kitchen,0.9296875,-0.2765625,-0.0015625,-73.0,kitchen,walking
2017-07-12 10:06:29,kitchen,0.95,-0.1975,0.09,-74.4,kitchen,walking
2017-07-12 10:06:30,kitchen,0.933333333333,-0.283333333333,0.0229166666667,-75.0,kitchen,walking
2017-07-12 10:06:30,custom,0.95,-0.25625,0.0875,-86.0,kitchen,walking
2017-07-12 10:06:31,kitchen,0.9328125,-0.215625,0.0734375,-61.5,kitchen,walking
2017-07-12 10:06:31,custom,0.93125,-0.21875,0.0625,-96.0,kitchen,walking
2017-07-12 10:06:32,kitchen,0.959375,-0.178125,0.090625,-71.25,kitchen,walking
2017-07-12 10:06:32,custom,0.90625,-0.15625,0.14375,-83.0,kitchen,walking
2017-07-12 10:06:33,kitchen,0.95875,-0.19,0.055,-57.2,kitchen,walking
2017-07-12 10:06:33,custom,1.08125,-0.275,-0.0125,-86.0,kitchen,walking
2017-07-12 10:06:34,custom,0.825,-0.21875,-0.00625,-86.0,kitchen,walking
2017-07-12 10:06:34,kitchen,0.921875,-0.2125,0.06875,-52.5,kitchen,walking
2017-07-12 10:06:35,custom,1.025,-0.275,0.125,-79.0,kitchen,walking
2017-07-12 10:06:35,kitchen,0.9203125,-0.1296875,0.1390625,-60.75,kitchen,walking
2017-07-12 10:06:36,kitchen,0.941666666667,-0.160416666667,0.025,-75.3333333333,kitchen,walking
2017-07-12 10:06:36,custom,0.9875,-0.197916666667,0.0625,-83.3333333333,kitchen,walking
2017-07-12 10:06:37,kitchen,0.94375,-0.205,0.11875,-74.2,kitchen,walking
2017-07-12 10:06:37,custom,0.94375,-0.205,0.11875,-88.2,kitchen,walking
2017-07-12 10:06:38,kitchen,0.99375,-0.159375,0.084375,-72.25,kitchen,walking
2017-07-12 10:06:38,custom,0.95,-0.155,0.035,-83.6,kitchen,walking
2017-07-12 10:06:39,kitchen,0.958333333333,-0.167708333333,0.0979166666667,-75.5,kitchen,walking
2017-07-12 10:06:39,custom,0.925,-0.0375,0.1625,-86.0,kitchen,walking
2017-07-12 10:06:40,custom,0.825,-0.2375,0.08125,-85.0,kitchen,walking
2017-07-12 10:06:40,kitchen,0.96875,-0.25,0.105,-61.6,kitchen,walking
2017-07-12 10:06:41,kitchen,0.95,-0.178125,0.153125,-57.0,kitchen,walking
2017-07-12 10:06:42,kitchen,0.9671875,-0.2609375,-0.0265625,-54.0,kitchen,walking
2017-07-12 10:06:42,custom,1.05625,-0.15,0.04375,-97.0,kitchen,walking
2017-07-12 10:06:43,kitchen,0.93,-0.18,0.16,-56.8,kitchen,walking
2017-07-12 10:06:44,kitchen,0.9525,-0.31625,0.05625,-57.0,kitchen,walking
2017-07-12 10:06:45,kitchen,0.6375,-0.420833333333,0.470833333333,-48.6666666667,kitchen,walking
2017-07-12 10:06:46,kitchen,0.5625,-0.3375,0.7775,-57.4,kitchen,walking
2017-07-12 10:06:47,kitchen,0.6296875,-0.38125,0.5546875,-73.25,kitchen,walking
2017-07-12 10:06:48,kitchen,0.95,-0.247916666667,-0.15,-72.3333333333,kitchen,walking
2017-07-12 10:06:49,kitchen,0.9671875,-0.153125,0.075,-70.75,kitchen,walking
2017-07-12 10:06:49,custom,0.9390625,-0.1453125,0.084375,-78.75,kitchen,walking
2017-07-12 10:06:50,kitchen,0.971875,-0.240625,-0.04375,-69.75,kitchen,walking
2017-07-12 10:06:50,custom,0.9828125,-0.1984375,-0.0484375,-81.25,kitchen,walking
2017-07-12 10:06:51,kitchen,0.94875,-0.1475,0.1325,-65.6,kitchen,walking
2017-07-12 10:06:52,kitchen,0.975,-0.23625,0.03625,-59.8,kitchen,walking
2017-07-12 10:06:52,custom,1.003125,-0.128125,0.028125,-84.0,kitchen,walking
2017-07-12 10:06:53,kitchen,0.95375,-0.15125,0.13125,-53.6,kitchen,walking
2017-07-12 10:06:53,custom,0.9,-0.19375,0.153125,-85.0,kitchen,walking
2017-07-12 10:06:54,kitchen,0.9453125,-0.2140625,0.0609375,-50.75,kitchen,walking
2017-07-12 10:06:54,custom,1.0,-0.21875,-0.01875,-91.5,kitchen,walking
2017-07-12 10:06:54,living,0.953125,-0.278125,0.01875,-96.0,kitchen,walking
2017-07-12 10:06:55,kitchen,0.96,-0.1425,0.08875,-58.6,kitchen,walking
2017-07-12 10:06:56,kitchen,1.0375,-0.26875,0.0145833333333,-54.3333333333,kitchen,walking
2017-07-12 10:06:56,custom,0.95625,-0.228125,0.059375,-82.0,kitchen,walking
2017-07-12 10:06:57,kitchen,0.98125,-0.128125,0.0125,-68.0,kitchen,walking
2017-07-12 10:06:57,custom,0.959375,-0.10625,0.10625,-80.5,kitchen,walking
2017-07-12 10:06:58,kitchen,0.96875,-0.1984375,0.0828125,-71.75,kitchen,walking
2017-07-12 10:06:58,custom,0.9265625,-0.159375,0.0953125,-85.0,kitchen,walking
2017-07-12 10:06:59,kitchen,0.9625,-0.1890625,0.0953125,-73.0,kitchen,walking
2017-07-12 10:06:59,custom,0.9125,-0.11875,0.2,-90.0,kitchen,walking
2017-07-12 10:07:00,kitchen,0.9375,-0.320833333333,0.0770833333333,-79.6666666667,kitchen,walking
2017-07-12 10:07:01,kitchen,0.91875,-0.2640625,-0.0765625,-73.25,kitchen,walking
2017-07-12 10:07:02,kitchen,0.934375,-0.1609375,0.1640625,-68.5,kitchen,walking
2017-07-12 10:07:03,custom,1.03125,-0.23125,0.04375,-89.0,kitchen,walking
2017-07-12 10:07:03,kitchen,0.975,-0.1925,0.04,-59.2,kitchen,walking
2017-07-12 10:07:04,kitchen,0.9484375,-0.1765625,0.121875,-65.25,kitchen,walking
2017-07-12 10:07:04,custom,0.96875,-0.20625,0.109375,-93.0,kitchen,walking
2017-07-12 10:07:05,kitchen,0.86875,-0.328125,-0.0453125,-73.5,kitchen,walking
2017-07-12 10:07:05,custom,0.853125,-0.29375,-0.01875,-80.0,kitchen,walking
2017-07-12 10:07:06,living,0.8375,-0.45,0.15,-91.0,kitchen,walking
2017-07-12 10:07:06,kitchen,0.88125,-0.3859375,0.040625,-72.75,kitchen,walking
2017-07-12 10:07:06,custom,0.878125,-0.3625,-0.009375,-86.0,kitchen,walking
2017-07-12 10:07:07,custom,0.9390625,-0.1921875,0.0421875,-82.0,kitchen,walking
2017-07-12 10:07:07,kitchen,0.9390625,-0.1921875,0.0421875,-75.0,kitchen,walking
2017-07-12 10:07:08,kitchen,0.94125,-0.19125,0.02375,-71.6,kitchen,walking
2017-07-12 10:07:08,custom,0.9625,-0.20625,-0.021875,-86.5,kitchen,walking
2017-07-12 10:07:09,kitchen,0.94375,-0.1875,0.0625,-66.0,kitchen,walking
2017-07-12 10:07:10,kitchen,0.9515625,-0.234375,-0.0140625,-71.5,kitchen,walking
2017-07-12 10:07:11,kitchen,0.939583333333,-0.175,0.0895833333333,-64.3333333333,kitchen,walking
2017-07-12 10:07:12,kitchen,0.953125,-0.2203125,0.0078125,-57.75,kitchen,walking
2017-07-12 10:07:12,custom,0.91875,-0.2125,0.0375,-98.0,kitchen,walking
2017-07-12 10:07:13,kitchen,0.96875,-0.275,0.065625,-56.5,kitchen,walking
2017-07-12 10:07:13,custom,0.94375,-0.29375,0.075,-94.0,kitchen,walking
2017-07-12 10:07:14,kitchen,0.647916666667,-0.672916666667,0.0916666666667,-77.0,kitchen,walking
2017-07-12 10:07:14,custom,0.571875,-0.68125,0.059375,-84.5,kitchen,walking
2017-07-12 10:07:15,kitchen,0.8703125,-0.3015625,0.071875,-81.75,kitchen,walking
2017-07-12 10:07:15,custom,0.8925,-0.29625,0.0725,-85.4,kitchen,walking
2017-07-12 10:07:15,living,0.7625,-0.49375,0.1125,-88.0,kitchen,walking
2017-07-12 10:07:16,custom,1.009375,-0.2234375,-0.003125,-85.0,kitchen,walking
2017-07-12 10:07:16,living,1.1375,-0.1875,0.125,-97.0,kitchen,walking
2017-07-12 10:07:16,kitchen,1.00416666667,-0.195833333333,0.0708333333333,-78.0,kitchen,walking
2017-07-12 10:07:17,custom,0.98125,-0.1625,0.01875,-83.0,kitchen,walking
2017-07-12 10:07:17,kitchen,0.925,-0.2453125,0.0421875,-76.75,kitchen,walking
2017-07-12 10:07:18,kitchen,0.945,-0.1775,0.02875,-69.6,kitchen,walking
2017-07-12 10:07:19,kitchen,0.99375,-0.16875,0.09375,-65.0,kitchen,walking
