Sensor 1,Sensor 2,Sensor 3,Sensor 4,Room,AccX,AccY,AccZ,Activity
-73.817,-98.518,-77.5,-88.25,1,-0.14601,0.84566,0.3816,1
-74.224,-98.221,-76.286,-87.786,1,0.77656,0.42188,0.15625,1
-72.383,-97.925,-75.25,-87.375,1,0.52806,0.33194,0.67278,1
-71.852,-97.628,-75.25,-87,1,-0.049306,0.37778,0.76563,1
-73.933,-97.332,-76.425,-86.74,1,-0.53021,0.38854,0.3125,1
-74.348,-97.035,-77.174,-86.564,1,-0.028125,-0.64479,0.6875,1
-74.303,-96.442,-77.333,-84.945,1,-0.038542,-0.60547,0.76563,1
-74.758,-95.849,-77.942,-84.318,1,-0.020313,-0.5125,0.82266,1
-75.067,-95.256,-78.245,-84.682,1,-0.16875,0.020625,0.85531,1
-76.279,-94.663,-78.367,-85.152,1,0.51146,0.39687,0.78333,1
-76.521,-94.07,-79.882,-85.636,1,0.60573,0.21771,0.68073,1
-77.506,-93.477,-80.768,-86.136,1,0.67708,0.096354,0.76823,1
-77.961,-92.884,-81.336,-86.833,1,0.63938,0.13521,0.76,1
-79.415,-92.291,-82.859,-87.727,1,0.62819,0.12181,0.77819,1
-79.421,-91.698,-83.609,-88.818,1,0.0125,-0.29167,0.41042,1
-77.861,-91.105,-82.314,-89.464,1,-0.071875,-0.92604,-0.009375,1
-77.33,-90.512,-82.035,-89.664,1,0.0875,-0.2474,0.073438,1
-75.512,-89.919,-82.126,-90.555,1,0.27969,0.65026,0.80469,1
-74.148,-89.326,-80.835,-89.955,1,0.27656,0.61797,0.72031,1
-73.258,-88.733,-79.88,-89.75,1,0.27274,0.63924,0.75382,1
-71.288,-88.14,-80.532,-89.826,1,-0.33594,-0.17656,0.65938,1
-70.561,-87.548,-79.926,-90.182,1,0.04875,-0.34528,0.25236,1
-71.203,-86.955,-80.253,-90.818,1,0.26875,0.60729,0.80938,1
-70.642,-86.362,-80.594,-91.061,1,-0.20917,0.19958,0.75708,1
-70.12,-85.769,-80.98,-90.909,1,-0.11146,-0.27813,0.54557,1
-70.392,-85.176,-81.117,-90.364,1,0.12344,0.40547,0.92891,1
-70.311,-84.583,-82.435,-90.182,1,0.12708,0.39792,0.92083,1
-70.523,-83.99,-81.998,-90.364,1,0.13167,0.39333,0.92583,1
-71.223,-83.397,-81.817,-89.545,1,0.15313,0.39297,0.92266,1
-72.023,-82.804,-82.059,-90.848,1,0.13594,0.40547,0.91875,1
-72.786,-82.211,-83.014,-90.598,1,0.15,0.38542,0.92778,1
-74.392,-81.618,-82.95,-90.176,1,0.14703,0.38406,0.92297,1
-74.962,-81.025,-82.32,-89.582,1,0.13031,0.4076,0.91375,1
-74.38,-80.432,-82.311,-88.816,1,-0.3876,0.086354,0.84958,1
-73.994,-79.839,-81.977,-88.552,1,-0.49597,0.069722,0.88319,1
-73.971,-79.246,-80.795,-88.79,1,-0.37,0.32292,0.76,1
-74.865,-78.653,-80.644,-89.53,1,-0.14375,0.56458,0.72146,1
-74.788,-78.06,-79.712,-90.576,1,0.22875,0.55625,0.7975,1
-75.364,-77.467,-80.185,-91.576,1,0.24245,0.54297,0.79974,1
-75.164,-76.874,-80.208,-92.703,1,0.23203,0.55677,0.79453,1
-75.182,-76.281,-80.852,-93.018,1,0.24844,0.55781,0.77344,1
-74.818,-75.688,-79.706,-94.309,1,0.23932,0.55,0.80286,1
-73.735,-75.095,-78.861,-95.195,1,0.24896,0.51771,0.81875,1
-73.248,-74.502,-78.097,-95.675,1,0.2625,0.50035,0.82049,1
-73.839,-73.909,-78.211,-95.623,1,0.25443,0.50182,0.82943,1
-73.362,-73.316,-78.135,-95.312,1,0.25,0.50781,0.82578,1
-73.271,-72.723,-78.18,-94.558,1,0.23375,0.51687,0.8275,1
-72.476,-72.13,-78.532,-93.364,1,0.21406,0.56484,0.78672,1
-72.353,-71.537,-79.373,-91.788,1,-0.13872,0.46979,0.65365,1
-71.577,-70.944,-78.964,-90.182,1,-0.40417,-4.6259e-18,0.81042,1
-70.805,-70.351,-78.359,-88.6,1,0.055556,0.47778,0.84375,1
-70.35,-69.758,-77.715,-87.423,1,-0.061719,0.41406,0.91172,1
-70.814,-69.165,-76.224,-86.652,1,-0.12323,-0.79677,0.2775,1
-70.503,-68.572,-75.792,-86.286,1,-0.039844,-0.88734,0.022344,1
-70.48,-67.979,-76.224,-86.325,1,0.11656,-0.90422,-0.21063,1
-69.912,-67.386,-75.702,-86.896,1,-0.041146,-0.71917,0.46104,1
-70.767,-66.793,-74.656,-87.727,1,-0.045312,-0.71589,0.67839,1
-70.858,-66.2,-73.952,-89,1,-0.076563,-0.50078,0.84922,1
-71.389,-65.607,-73.297,-88.727,1,0.041406,-0.63906,0.775,1
-70.626,-65.014,-72.002,-88.758,1,-0.05625,-0.64687,0.73125,1
-70.795,-64.421,-71.661,-89.091,1,-0.047656,-0.65781,0.72734,1
-71.841,-63.829,-71.879,-89.564,1,0.11656,-0.65094,0.73906,1
-72.932,-63.236,-72.545,-89.795,1,0.30521,-0.38437,0.87083,1
-72.682,-62.643,-74.291,-89.784,1,0.31014,-0.67028,0.61097,1
-72.955,-62.05,-75.114,-89.532,1,0.22604,-0.75938,0.54688,1
-73.355,-61.457,-75.627,-89.039,1,0.40208,-0.60625,0.58958,1
-73.35,-60.864,-75.918,-88.437,1,0.058594,-0.23698,0.51458,1
-72.95,-60.271,-77.532,-87.727,1,0.13125,0.61667,0.87917,1
-73.305,-59.678,-78.918,-86.909,1,0.17859,0.59563,0.77438,1
-73.826,-59.085,-79.645,-87.939,1,0.17208,0.6125,0.75979,1
-74.235,-58.492,-80.009,-88.909,1,0.16333,0.62417,0.75333,1
-73.879,-57.899,-80.486,-89.818,1,0.175,0.61375,0.75875,1
-73.242,-57.306,-81.055,-90.83,1,0.18328,0.60844,0.76313,1
-72.402,-56.713,-81.305,-91.945,1,-0.092639,0.78208,0.35722,1
-71.77,-56.12,-81.18,-93.164,1,-0.10651,0.73177,0.47656,1
-71.8,-55.527,-80.471,-94.364,1,0.13906,0.56875,0.80703,1
-69.945,-54.934,-79.798,-94.864,1,0.13724,0.56068,0.81589,1
-68.503,-54.341,-78.659,-94.53,1,0.14063,0.56328,0.81406,1
-67.821,-53.748,-78.409,-94.058,1,0.125,0.56328,0.8125,1
-67.088,-53.155,-77.25,-93.448,1,-0.054375,0.53229,0.80583,1
-66.012,-52.562,-75.668,-92.729,1,-0.32986,0.27778,0.99132,1
-65.815,-51.969,-75.432,-91.903,1,0.078125,-0.61146,0.67396,1
-65.542,-51.376,-74.947,-90.968,1,0.078472,-0.58889,0.79653,1
-65.052,-50.783,-74.152,-89.924,1,-0.096875,-0.44766,0.87578,1
-64.074,-50.19,-74.447,-88.773,1,-0.13021,-0.39896,0.92552,1
-63.426,-49.597,-74.553,-87.591,1,-0.14313,-0.38906,0.92406,1
-62.729,-49.004,-75.22,-86.591,1,-0.15708,-0.40063,0.93292,1
-64.82,-48.411,-75.965,-86.818,1,-0.19062,-0.225,0.81432,1
-65.698,-47.818,-77.495,-87.658,1,-0.39766,0.39656,0.82125,1
-67.411,-47.225,-77.968,-88.416,1,-0.40174,0.087326,0.73594,1
-68.38,-46.632,-79.4,-89.091,1,-0.3559,-0.75486,0.45851,1
-69.335,-46.039,-80.368,-89.684,1,-0.40417,-0.70486,0.50903,1
-71.25,-45.446,-81.211,-90.195,1,-0.36972,-0.67431,0.57472,1
-71.927,-44.853,-82.082,-90.623,1,0.0078125,-0.039063,0.67344,1
-73.6,-44.26,-82.536,-90.97,1,0.18542,0.49375,0.85604,1
-74.4,-43.667,-82.355,-91.234,1,0.18438,0.49844,0.85078,1
-75.908,-43.074,-82.415,-91.338,1,0.1849,0.48125,0.85521,1
-77.135,-42.481,-82.43,-91.19,1,0.1875,0.48188,0.86187,1
-76.953,-41.888,-82.43,-90.429,1,0.1875,0.48203,0.855,1
-77.385,-41.295,-82.021,-89.667,1,0.18281,0.49375,0.86146,1
-76.536,-40.702,-82.033,-88.905,1,0.16313,0.47646,0.86833,1
-75.9,-40.11,-81.352,-88.143,1,0.16849,0.47552,0.86589,1
-75.3,-39.517,-81.102,-87.381,1,0.15937,0.48438,0.86562,1
-73.864,-38.924,-80.495,-86.619,1,0.16828,0.48188,0.86125,1
-74.118,-38.331,-80.182,-85.857,1,0.17031,0.5,0.85156,1
-73.345,-37.738,-80.909,-85.095,1,0.1763,0.5,0.84922,1
-73.977,-37.145,-81,-84.333,1,0.17906,0.5,0.84703,1
-73.864,-36.552,-80.812,-83.571,1,0.16391,0.50344,0.84656,1
-73.394,-35.959,-81.471,-82.81,1,0.17625,0.5,0.845,1
-71.455,-35.366,-81.78,-82.21,1,0.17854,0.5,0.85042,1
-69.477,-34.773,-82.508,-81.774,1,0.16797,0.50625,0.84844,1
-66.455,-34.18,-83.083,-81.5,1,0.17656,0.50104,0.84609,1
-63.409,-33.587,-83.341,-81.389,1,0.16125,0.50875,0.8475,1
-59.63,-32.994,-83.841,-81.44,1,0.14132,0.59566,0.89653,1
-56.515,-32.401,-85.114,-81.655,1,0.041042,0.09875,0.42917,1
-52.333,-31.808,-85.814,-82.032,1,0.28802,0.92214,0.10859,1
-49.197,-31.215,-85.997,-82.571,1,0.30599,0.87891,-0.094271,1
-46.22,-31.489,-86.137,-83.274,1,0.30885,0.8776,-0.0625,1
-44.492,-30.527,-87.043,-84.139,1,0.30833,0.88437,-0.051562,1
-43.553,-32.028,-87.119,-85.167,1,0.3151,0.88125,-0.047396,1
-44.765,-35.514,-87.392,-86.194,1,0.3125,0.88125,-0.045312,1
-47.038,-39.077,-87.175,-86.78,2,0.0625,0.5875,-0.72656,2
-50.788,-43.966,-86.992,-86.636,2,0.06125,0.59375,-0.72375,2
-55.561,-47.319,-87.476,-87.081,2,0.05625,0.58437,-0.72188,2
-60.467,-50.68,-87.811,-87.332,2,-0.13594,0.67656,-0.675,2
-65.036,-53.618,-87.602,-87.389,2,-0.28151,0.11224,0.63698,2
-70.073,-57.45,-87.623,-87.254,2,0.81823,0.575,0.23229,2
-74.455,-62.405,-87.643,-86.924,2,0.92552,0.39323,-0.0020833,2
-78.182,-65.864,-87.664,-86.402,2,0.87813,0.38594,0.11354,2
-81.273,-69.682,-87.684,-85.899,2,0.75,0.46875,-0.18438,2
-83.727,-71.727,-87.705,-85.417,2,0.75625,0.58125,0.051562,2
-85.545,-71.068,-87.725,-84.932,2,0.675,0.60417,0.070833,2
-86.727,-71.45,-87.746,-84.886,2,0.60781,0.62813,0.14688,2
-87.273,-70.117,-87.766,-84.841,2,0.56875,0.30625,0.41875,2
-87.182,-70.798,-87.787,-84.386,2,0.60938,0.45,0.1,2
-87.109,-72.617,-87.807,-84.305,2,0.76875,0.40859,-0.088281,2
-87.055,-74.253,-87.828,-84.535,2,0.92188,0.25625,0.01875,2
-87.018,-74.094,-87.848,-85.108,2,0.98562,0.34688,-0.065625,2
-87.864,-72.753,-87.869,-84.962,2,0.96667,0.40104,-0.14688,2
-88.693,-71.579,-87.889,-85.462,2,0.94531,0.21875,0.08125,2
-89.487,-72.397,-87.91,-86.394,2,0.91771,0.28646,-0.0041667,2
-90.246,-71.442,-87.93,-87.758,2,0.95859,0.29661,0.045573,2
-90.971,-71.124,-87.951,-88.576,2,1.1198,0.19792,0.21979,2
-91.66,-69.856,-87.971,-88.848,2,1.1208,0.34323,0.10156,2
-92.316,-69.444,-87.992,-89.303,2,0.91667,0.18958,0.14375,2
-92.936,-68.626,-88.012,-89.03,2,0.9925,0.26875,0.0425,2
-93.521,-67.853,-88.033,-88.879,2,0.87266,0.25625,0.00078125,2
-94.072,-68.239,-88.053,-88.909,2,0.98281,0.27344,0.20313,2
-94.588,-68.512,-88.074,-88.455,2,0.97031,0.24531,-0.021875,2
-94.206,-68.391,-88.094,-88.364,2,0.92875,0.33,-0.02625,2
-93.824,-67.679,-88.115,-87.841,2,0.90781,0.32891,0.039844,2
-93.441,-66.897,-88.135,-86.886,2,0.85,0.35,-0.04375,2
-93.059,-67.397,-88.156,-85.5,2,0.94453,0.23542,0.011719,2
-92.676,-69.329,-88.176,-84.682,2,0.89688,0.46875,-0.036719,2
-92.294,-70.783,-88.197,-84.591,2,0.92188,0.32083,0.0020833,2
-91.912,-72.347,-88.217,-84.106,2,0.95469,0.30312,-0.12188,2
-91.612,-73.597,-88.238,-85.379,2,0.97875,0.24375,0.07,2
-91.396,-72.665,-88.258,-86.221,2,0.88333,0.23542,0.10417,2
-91.262,-70.892,-88.279,-86.633,2,0.93359,0.37734,-0.090625,2
-91.211,-69.415,-88.299,-87.252,2,0.96875,0.26016,0.074219,2
-91.243,-69.7,-88.32,-88.288,2,1.1082,0.29653,-0.0017361,2
-91.358,-72.064,-88.34,-89.174,2,0.64687,0.69766,-0.17188,2
-91.556,-73.345,-88.361,-90.056,2,0.93594,0.33125,-0.082812,2
-91.837,-74.618,-88.381,-90.933,2,0.92188,0.25625,0.046875,2
-92.201,-73.936,-88.402,-91.806,2,0.91406,0.24688,-0.025,2
-92.647,-73.027,-88.422,-92.515,2,0.82125,0.49,-0.2025,2
-93.176,-71.391,-88.443,-94.182,2,0.81094,0.56406,-0.021094,2
-93.706,-70.186,-88.463,-94.727,2,0.76719,0.52656,-0.2125,2
-94.235,-70.414,-88.484,-94.764,2,0.71875,0.54531,-0.11719,2
-94.765,-71.505,-88.504,-94.291,2,0.77187,0.53438,-0.19062,2
-95.294,-73.073,-88.525,-93.309,2,0.7625,0.56406,-0.010937,2
-95.824,-73.545,-88.545,-93.03,2,0.77969,0.57031,-0.098438,2
-96.353,-73.273,-88.566,-92.788,2,0.76016,0.53906,-0.25156,2
-96.107,-72.809,-88.586,-92.065,2,0.81875,0.50469,-0.08125,2
-95.74,-71.591,-88.607,-91.569,2,0.82031,0.47813,-0.17344,2
-95.252,-70.686,-88.627,-91.298,2,0.71016,0.5625,-0.13125,2
-94.644,-70.709,-88.648,-91.254,2,0.82005,0.41432,-0.15286,2
-93.914,-70.491,-88.668,-91.436,2,0.78646,0.54306,-0.18576,2
-93.064,-70.514,-88.689,-89.981,2,0.87896,0.43052,-0.14021,2
-92.257,-70.355,-88.709,-89.436,2,0.81375,0.44375,-0.19,2
-91.492,-69.836,-88.73,-89.254,2,0.7575,0.58375,-0.01125,2
-90.77,-70.177,-88.75,-89.769,2,0.8125,0.47813,0.009375,2
-90,-69.48,-88.77,-89.33,2,0.79125,0.53938,-0.16688,2
-88.955,-69.198,-88.791,-89.436,2,0.75,0.47917,-0.17188,2
-88.409,-69.271,-88.811,-90.072,2,0.74844,0.53281,0.06875,2
-88.118,-69.247,-88.832,-90.532,2,0.76625,0.57531,-0.12375,2
-88.082,-70.053,-88.852,-89.627,2,0.74792,0.4875,0.034549,2
-88.3,-70.862,-88.873,-87.932,2,0.8625,0.47222,-0.18559,2
-88.773,-71.444,-88.893,-86.523,2,0.705,0.62625,0.069062,2
-89,-72.412,-88.914,-87.295,2,0.68312,0.1925,0.69813,2
-88.818,-72.261,-88.934,-87.75,2,0.39323,0.5724,0.31667,2
-88.673,-71.847,-88.955,-88.259,2,-0.70208,0.19896,0.092708,2
-88.564,-71.544,-88.975,-88.489,2,-0.76583,0.16625,0.46958,2
-88.582,-71.441,-88.996,-88.88,2,-0.74531,0.39896,0.37031,2
-88.955,-70.895,-89.016,-88.598,2,0.44875,0.55594,0.41875,2
-89.682,-70.877,-89.037,-88.03,2,0.88125,0.20069,0.079861,2
-90.355,-71.711,-89.057,-88.303,2,0.86562,0.15156,-0.34531,2
-90.973,-72.355,-89.078,-89.697,2,0.91875,0.19167,-0.32083,2
-91.536,-72.082,-89.098,-91.636,2,0.89875,0.14375,-0.19,2
-92.045,-72.245,-89.119,-92.106,2,0.9025,0.18,-0.3675,2
-93,-71.209,-89.139,-92.061,2,0.91354,0.23708,-0.15833,2
-93.636,-70.452,-89.16,-92.652,2,0.92292,0.19922,-0.20677,2
-94.162,-70.247,-89.18,-92.233,2,0.92812,0.1625,-0.40469,2
-94.578,-69.709,-89.201,-92.033,2,0.88938,0.20375,-0.21313,2
-94.884,-69.327,-89.221,-92.052,2,0.90396,0.20896,-0.1875,2
-95.08,-70.177,-89.242,-91.924,2,0.90729,0.16333,-0.38354,2
-95.165,-69.48,-89.262,-91.652,2,0.87604,0.19844,-0.21667,2
-95.14,-69.011,-89.283,-91.197,2,0.94375,0.14792,-0.13021,2
-95.005,-68.942,-89.303,-90.288,2,0.93594,0.175,-0.19375,2
-94.759,-69.761,-89.324,-89.288,2,0.8975,0.035625,-0.16,2
-94.182,-69.642,-89.344,-89.237,2,0.85938,0.098437,-0.43516,2
-93.273,-69.491,-89.365,-89.076,2,0.95104,0.17188,-0.15208,2
-92.975,-70.4,-89.385,-88.333,2,0.93177,0.24896,-0.23542,2
-92.636,-70.782,-89.406,-88.53,2,0.93437,0.15125,-0.06,2
-92.255,-71.123,-89.426,-88.439,2,0.93729,0.25833,-0.20937,2
-91.832,-72.509,-89.447,-88.212,2,0.90781,0.042188,-0.073438,2
-91.367,-72.786,-89.467,-88.212,2,0.97604,0.26042,-0.083854,2
-90.86,-73.506,-89.488,-88.667,2,0.94375,0.13646,-0.12344,2
-90.311,-72.658,-89.508,-88.485,2,0.9175,0.1075,-0.23875,2
-89.721,-71.87,-89.529,-88.848,2,0.93984,0.23438,-0.26172,2
-89.089,-71.288,-89.549,-89.394,2,0.925,0.15156,-0.06875,2
-88.636,-72.333,-89.57,-90.02,2,0.9175,0.22938,-0.17188,2
-88.364,-74.326,-89.59,-89.788,2,0.86562,0.28125,-0.31562,2
-88.207,-74.902,-89.611,-88.758,2,0.89219,0.1375,-0.2125,2
-88.07,-74.883,-89.631,-88.197,2,0.95833,0.11667,-0.19167,2
-87.955,-75.338,-89.652,-88.348,2,0.8625,0.24375,-0.23333,2
-87.86,-74.497,-89.672,-88.348,2,0.87562,0.1475,-0.12,2
-87.785,-73.533,-89.693,-88.633,2,0.93524,0.26528,-0.12969,2
-87.731,-72.147,-89.713,-88.973,2,0.88403,0.16458,0.16389,2
-87.698,-71.488,-89.734,-89.371,2,0.97708,0.23646,-0.026042,2
-87.686,-71.064,-89.754,-89.826,2,0.93047,0.15625,0.078385,2
-87.694,-71.185,-89.775,-89.689,2,0.96953,0.21797,0.032031,2
-87.723,-72.026,-89.795,-88.932,2,0.92,0.31625,-0.05875,2
-87.773,-71.239,-89.816,-88.492,2,0.92344,0.23594,0.082812,2
-87.727,-71.118,-89.836,-88.311,2,1.0047,0.26563,-0.0015625,2
-87.677,-71.3,-89.857,-86.402,2,0.93646,0.34688,-0.16562,2
-87.621,-70.406,-89.877,-82.523,2,0.97292,0.18906,-0.011979,2
-87.561,-70.406,-89.898,-77.386,2,0.95156,0.33906,-0.032813,2
-87.496,-70.327,-90.643,-72.42,2,0.9925,0.1725,0.0725,2
-87.426,-71.297,-91.478,-67.489,2,0.91771,0.30313,-0.099479,2
-87.632,-72.865,-92.402,-63.909,2,0.92656,0.2625,0.13125,2
-87.434,-73.562,-92.325,-60.618,2,0.92917,0.29375,-0.12708,2
-87.012,-73.32,-92.881,-57.5,4,0.91812,-0.12562,0.31094,4
-87.11,-72.024,-92.963,-54.53,4,0.90938,-0.13437,0.30781,4
-87.242,-72,-92.571,-53.667,4,0.95547,-0.11641,0.13203,4
-87.308,-72.424,-93.031,-53.545,4,0.25469,0.68281,0.20052,4
-87.312,-73.333,-92.671,-54.636,4,0.11125,0.66,0.63854,4
-87.255,-74.667,-92.127,-56.818,4,0.3025,0.81125,0.46542,4
-87.236,-76,-92.309,-61.545,4,0.054167,0.77604,0.60625,4
-87.348,-77.333,-91.718,-64.955,4,0.28333,0.49694,0.69056,4
-87.485,-78.667,-90.718,-67.655,4,0.083333,0.69583,0.73542,4
-88.212,-80,-89.445,-69.8,4,-0.060937,0.61719,0.78438,4
-88.939,-81.333,-89.112,-71.114,4,0.087778,0.8,0.13167,4
-89.189,-82.545,-88.385,-72.386,4,0.099653,0.87483,-0.32205,4
-89.402,-83.636,-88.494,-73.455,4,0.12326,0.86562,-0.29826,4
-89.561,-84.606,-88.591,-73.455,4,0.086667,0.88542,-0.29865,4
-89.768,-85.455,-88.394,-73.076,4,0.081667,0.8725,-0.28625,4
-90.5,-86.182,-89.576,-72.773,4,0.094661,0.88008,-0.29648,4
-90.742,-86.788,-90.258,-73.136,4,0.083958,0.87802,-0.30042,4
-90.97,-87.273,-89.985,-72.818,4,0.093229,0.875,-0.3026,4
-91.091,-87.636,-89.576,-73.364,4,0.072917,0.88125,-0.28646,4
-91.379,-87.879,-89.758,-74.323,4,0.057813,0.87656,-0.28984,4
-90.348,-88,-89.848,-74.147,4,0.065972,0.87882,-0.28368,4
-89.667,-88,-89.545,-74.306,4,0.0625,0.875,-0.2934,4
-90.295,-88,-90.045,-74.142,4,0.060938,0.89688,-0.28177,4
-90.811,-88,-89.636,-74.953,4,0.068576,0.89375,-0.24497,4
-91.47,-88,-89.909,-75.68,4,0.068056,0.88993,-0.25,4
-90.97,-88,-89.833,-75.489,4,0.088889,0.89167,-0.24514,4
-90.197,-88,-89.106,-75.459,4,0.089062,0.88646,-0.25156,4
-90.712,-88,-89.606,-75.414,4,0.075069,0.88424,-0.25597,4
-90.485,-88,-89.606,-75.641,4,0.072917,0.89028,-0.25278,4
-90.606,-88,-89.515,-75.005,4,0.074306,0.88611,-0.25694,4
-91.273,-88,-88.97,-74.815,4,0.07,0.88889,-0.26007,4
-91.485,-88,-89.273,-74.427,4,0.063194,0.89236,-0.24931,4
-91.636,-88,-89.636,-73.639,4,0.061458,0.88906,-0.2599,4
-91.364,-88,-89.773,-74.167,4,0.059028,0.88576,-0.2651,4
-91.455,-88,-90.136,-73.888,4,0.06875,0.89306,-0.2684,4
-90.242,-88,-90.076,-72.918,4,0.076736,0.88646,-0.26354,4
-90.833,-88,-89.576,-73.018,4,0.061389,0.87972,-0.28083,4
-91.045,-88,-88.939,-73.374,4,0.0625,0.88125,-0.27986,4
-90.136,-88,-88.53,-73.238,4,0.057778,0.88389,-0.28389,4
-90.833,-88,-89.621,-72.056,4,0.0625,0.87833,-0.28687,4
-90.258,-88,-89.167,-72.905,4,0.063542,0.88646,-0.28021,4
-89.667,-88,-89.985,-72.617,4,0.054688,0.87969,-0.29219,4
-90.303,-88,-90.727,-73.52,4,0.074132,0.87413,-0.30451,4
-90.333,-88,-90.932,-74.08,4,0.067187,0.83438,-0.34375,4
-90,-88.091,-89.932,-74.585,4,0.021528,0.8691,-0.39722,4
-88.848,-88.273,-89.614,-74.955,4,-0.064583,0.8684,-0.36076,4
-88.765,-88.545,-89.773,-75.312,4,0.2184,0.8625,-0.1092,4
-88.833,-88.847,-90.409,-75.6,4,-0.043056,0.87743,-0.34826,4
-89.106,-89.179,-90.439,-76.009,4,-0.015234,0.88633,-0.29023,4
-89.106,-89.539,-91.03,-76.536,4,-0.022917,0.87552,-0.33125,4
-88.682,-89.929,-89.776,-77.591,4,-0.010069,0.87049,-0.30972,4
-88.985,-90.347,-90.958,-77.597,4,-0.10031,0.87646,-0.31177,4
-88.485,-90.795,-90.594,-77.847,4,-0.091493,0.87552,-0.31962,4
-88.258,-91.273,-90.003,-77.12,4,0.01441,0.89618,-0.21059,4
-88.5,-91.779,-89.526,-77.747,4,-0.028958,0.89708,-0.25146,4
-88.318,-92.224,-90.035,-77.17,4,-0.02875,0.89667,-0.25,4
-88.636,-92.607,-90.671,-77.655,4,-0.023542,0.89812,-0.24417,4
-89.795,-92.929,-89.967,-77.6,4,-0.024479,0.9,-0.25,4
-89.682,-93.25,-89.406,-77.539,4,-0.027778,0.89375,-0.25556,4
-89.197,-93.571,-89.717,-76.88,4,-0.027639,0.89417,-0.25403,4
-89.379,-93.893,-88.626,-76.535,4,-0.0275,0.90292,-0.25,4
-89.152,-94.214,-88.744,-76.094,4,-0.03125,0.89375,-0.25,4
-89.015,-94.536,-88.38,-75.148,4,-0.027778,0.89132,-0.25278,4
-88.955,-94.857,-89.017,-75.444,4,-0.03125,0.89097,-0.25347,4
-88.418,-95.179,-88.471,-75.959,4,-0.033854,0.89688,-0.25833,4
-88.903,-95.5,-88.714,-76.105,4,-0.032292,0.8974,-0.25,4
-89.827,-95.821,-87.962,-76.614,4,-0.03125,0.89453,-0.25,4
-90.176,-96.143,-87.689,-76.341,4,-0.029514,0.89583,-0.25278,4
-89.994,-96.464,-87.417,-76.75,4,-0.016667,0.87431,-0.25312,4
-89.903,-96.786,-87.341,-77.114,4,-0.023229,0.90865,-0.24885,4
-90.206,-97.107,-86.909,-77.795,4,-0.015625,0.89965,-0.22847,4
-90.683,-97.429,-87.182,-78.068,4,-0.051562,0.88021,-0.2901,4
-91.383,-97.75,-87.364,-78.523,4,-0.028472,0.88056,-0.28264,4
-92.565,-98.071,-87.909,-79.705,4,-0.022656,0.88594,-0.29297,4
-92.777,-98.393,-87.382,-79.477,4,-0.035938,0.87969,-0.28663,4
-92.995,-98.581,-87.859,-78.75,4,-0.034028,0.88264,-0.28333,4
-92.268,-98.636,-88.223,-77.614,4,-0.027951,0.87882,-0.2842,4
-92.162,-98.558,-89.056,-76.595,4,-0.018958,0.87792,-0.29271,4
-92.041,-98.347,-88.753,-75.262,4,-0.018056,0.87951,-0.28368,4
-91.359,-98.003,-89.389,-74.58,4,0.041615,0.88786,-0.31802,4
-91.473,-97.526,-89.617,-73.762,4,-0.080104,0.89115,-0.25833,4
-91.783,-96.916,-90.859,-72.792,4,-0.10191,0.87604,-0.28003,4
-91.556,-95.821,-90.798,-72.247,4,-0.10646,0.87375,-0.29083,4
-91.72,-94.834,-89.98,-71.209,4,-0.090451,0.86076,-0.34531,4
-91.402,-93.955,-89.253,-70.3,4,-0.051875,0.85625,-0.36062,4
-91.977,-92.955,-88.235,-69.427,4,-0.023611,0.85104,-0.37292,4
-91.568,-92.18,-87.735,-68.573,4,-0.026693,0.86393,-0.34948,4
-91.568,-91.297,-87.992,-68.527,4,0.02513,0.87422,-0.30794,4
-90.871,-90.525,-89.22,-69.159,4,-0.091667,0.84687,-0.33576,4
-90.394,-89.864,-89.159,-69.765,4,0.041146,0.91215,-0.24566,4
-90.394,-89.314,-88.868,-70.015,4,0.065781,0.87125,-0.27734,4
-90.326,-88.876,-88.959,-70.136,4,-0.0087153,0.91444,-0.19083,4
-90.439,-88.549,-88.353,-70.633,4,-0.067969,0.92292,-0.24609,4
-90.826,-88.684,-88.595,-70.747,4,0.049653,0.8783,-0.29722,4
-91.098,-88.69,-88.959,-71.308,4,0.075521,0.88594,-0.3224,4
-90.758,-88.567,-89.505,-71.808,4,0.01625,0.89979,-0.32177,4
-89.939,-88.542,-90.823,-72.317,4,0.015972,0.91076,-0.26944,4
-90.53,-88.403,-91.482,-73.262,4,0.10792,0.92083,-0.094583,4
-91.076,-88.483,-90.891,-73.944,4,0.073438,0.90469,-0.1974,4
-91.227,-88.564,-89.255,-73.762,4,-0.065104,0.86615,-0.30521,4
-91.341,-88.644,-88.982,-73.702,4,-0.13021,0.8691,-0.33281,4
-92.038,-88.725,-89.409,-73.724,4,0.0029167,0.87729,-0.28396,4
-92.72,-88.805,-89.197,-74.535,4,0.065278,0.88576,-0.30243,4
-92.629,-88.886,-88.833,-74.735,4,0.083333,0.88125,-0.2875,4
-92.72,-88.966,-88.606,-75.227,4,0.082292,0.88437,-0.29948,4
-92.053,-89.047,-88.856,-75.291,4,0.090278,0.87222,-0.31181,4
-91.667,-89.128,-88.083,-74.852,4,0.070833,0.88806,-0.28042,4
-92.371,-89.208,-87.523,-75.602,4,-0.030556,0.89375,-0.2309,4
-92.189,-89.289,-87.28,-76.283,4,-0.03125,0.89583,-0.24375,4
-91.765,-89.369,-88.553,-76.511,4,-0.030208,0.89358,-0.25312,4
-91.735,-89.45,-89.008,-76.465,4,-0.0079167,0.88153,-0.32653,4
-91.371,-89.53,-88.917,-77.708,4,-0.010764,0.87257,-0.31632,4
-90.638,-89.611,-88.826,-78.374,4,-0.017361,0.87569,-0.32222,4
-89.483,-89.691,-88.606,-77.67,4,-0.017708,0.87222,-0.3184,4
-88.574,-89.772,-88.333,-77.276,4,-0.015972,0.87292,-0.31389,4
-88.302,-89.852,-88.879,-77.102,4,-0.013889,0.875,-0.31372,4
-87.332,-89.933,-83.674,-77.902,4,-0.025,0.875,-0.32083,4
-86.695,-90.013,-81.015,-79.591,4,-0.0038889,0.87208,-0.32194,4
-85.968,-90.094,-79.258,-80.386,4,0,0.875,-0.31562,4
-85.15,-90.174,-76.621,-80.432,4,0.018056,0.87326,-0.31736,4
-85.097,-90.255,-72.826,-80.735,4,0.023438,0.88906,-0.30156,4
-84.809,-90.336,-71.68,-82.53,3,0.24245,0.62865,-0.65,3
-85.036,-90.416,-70.698,-83.076,3,0.47691,0.52101,-0.3592,3
-84.709,-90.497,-69.835,-83.742,3,0.93073,0.11944,0.21146,3
-84.167,-90.577,-69.085,-85.606,3,0.24063,0.69931,-0.31944,3
-84.076,-90.658,-68.691,-86.636,3,1.0076,0.053819,0.3309,3
-83.008,-90.738,-67.664,-87.568,3,0.73542,-0.034167,0.20458,3
-83.523,-90.819,-72.3,-88.114,3,0.36274,0.73948,0.37979,3
-82.795,-90.899,-73.982,-87.727,3,-0.39983,0.74514,-0.33976,3
-83.152,-90.98,-74.836,-87.455,3,-0.39479,0.77882,-0.31979,3
-83,-91.06,-76.412,-88.273,3,-0.46667,0.70556,-0.38403,3
-82.586,-91.141,-77.935,-89.242,3,-0.4649,0.7125,-0.38187,3
-82.632,-91.221,-77.353,-89.424,3,-0.4184,0.73073,-0.37917,3
-82.205,-91.302,-78.017,-89.379,3,-0.37188,0.84375,-0.10547,3
-82.72,-91.383,-77.762,-90.045,3,-0.34375,0.87417,-0.040764,3
-84.053,-91.463,-77.823,-89.727,3,-0.34792,0.86979,-0.061458,3
-84.076,-91.544,-77.148,-89.545,3,-0.45139,0.76542,-0.28153,3
-84.667,-91.624,-75.926,-89.591,3,-0.42778,0.82222,0.20833,3
-84.197,-91.705,-74.926,-89.773,3,-0.41187,0.82167,0.23917,3
-85.439,-91.785,-74.221,-90.955,3,-0.40528,0.82083,0.25583,3
-84.492,-91.866,-74.155,-90.864,3,-0.37292,0.80833,0.37292,3
-84.989,-91.946,-73.298,-91,3,-0.37448,0.81354,0.33906,3
-84.63,-92.027,-72.571,-90.432,3,-0.37812,0.81406,0.33359,3
-84.494,-92.107,-72.571,-89.341,3,-0.375,0.81701,0.32951,3
-84.648,-92.188,-71.912,-88.75,3,-0.375,0.82292,0.32292,3
-84.133,-92.268,-71.385,-88.114,3,-0.38594,0.82309,0.32222,3
-83.179,-92.349,-70.938,-87.644,3,-0.38094,0.80875,0.36406,3
-83.229,-92.43,-70.779,-88.735,3,-0.37578,0.81016,0.3487,3
-82.815,-92.51,-71.317,-89.508,3,-0.37705,0.81312,0.34646,3
-82.376,-92.591,-71.771,-89.356,3,-0.37917,0.81458,0.34583,3
-82.345,-92.671,-72.476,-87.962,3,-0.375,0.80854,0.34375,3
-83.005,-92.752,-72.506,-87.942,3,-0.37604,0.81024,0.34427,3
-82.932,-92.832,-73.12,-87.25,3,-0.3784,0.81208,0.35132,3
-83.382,-92.913,-74.241,-86.818,3,-0.36632,0.75743,0.37681,3
-83.155,-92.993,-74.732,-87.227,3,-0.38854,0.8625,0.034375,3
-83.314,-93.074,-74.873,-88.159,3,-0.40035,0.86024,0.035069,3
-83.465,-93.154,-75.291,-88.977,3,-0.40625,0.84578,0.029844,3
-83.783,-93.235,-75.556,-89.038,3,-0.40625,0.84896,0.028646,3
-83.656,-93.315,-75.465,-89.22,3,-0.40625,0.8475,0.030833,3
-83.62,-93.396,-75.473,-89.583,3,-0.40625,0.84674,0.029097,3
-84.241,-93.477,-75.491,-89.432,3,-0.40625,0.84516,0.030625,3
-84.302,-93.557,-75.498,-89.098,3,-0.40764,0.84514,0.03125,3
-83.938,-93.638,-75.18,-89.119,3,-0.40747,0.84635,0.03125,3
-83.552,-93.718,-75.12,-90.038,3,-0.40625,0.84417,0.033125,3
-83.011,-93.799,-74.998,-90.492,3,-0.40854,0.84375,0.033125,3
-82.92,-93.879,-75.174,-89.902,3,-0.40736,0.8459,0.034514,3
-82.642,-93.96,-75.229,-88.788,3,-0.40712,0.84375,0.039236,3
-82.43,-94.04,-75.38,-88.106,3,-0.42083,0.84375,0.032292,3
-81.68,-94.121,-75.752,-88.106,3,-0.41701,0.84427,0.034028,3
-81.78,-94.201,-76.736,-87.409,3,-0.42563,0.84375,0.038125,3
-82.162,-94.282,-76.464,-86.652,3,-0.42448,0.84375,0.043924,3
-81.298,-94.362,-76.045,-87.136,3,-0.42875,0.84375,0.043333,3
-80.571,-94.443,-76.379,-87.773,3,-0.42882,0.84236,0.042361,3
-80.344,-94.523,-76.606,-87.682,3,-0.43073,0.84271,0.046354,3
-80.685,-94.604,-76.508,-87.227,3,-0.4375,0.84453,0.05651,3
-80.298,-94.685,-76.205,-87.864,3,-0.4375,0.84245,0.055469,3
-80.685,-94.765,-75.568,-87.864,3,-0.43708,0.83833,0.054375,3
-80.598,-94.846,-74.918,-88.045,3,-0.44062,0.8375,0.0625,3
-80.273,-94.926,-74.835,-87.909,3,-0.43802,0.83663,0.05816,3
-80.859,-95.007,-74.282,-88,3,-0.4401,0.84063,0.061458,3
-81.177,-95.087,-74.047,-87.97,3,-0.43802,0.84323,0.0625,3
-80.662,-95.168,-74.106,-87.455,3,-0.44045,0.83941,0.073264,3
-81.268,-95.248,-74.718,-87.636,3,-0.44687,0.83125,0.063542,3
-81.086,-95.329,-74.309,-87.545,3,-0.45521,0.83125,0.063542,3
-81.2,-95.409,-74.423,-88.318,3,-0.44278,0.83667,0.0625,3
-81.518,-95.49,-74.4,-88.682,3,-0.44583,0.83542,0.067014,3
-82.7,-95.57,-73.68,-88.318,3,-0.46097,0.82403,0.079444,3
-83.177,-95.651,-73.082,-89.386,3,-0.45556,0.82569,0.077083,3
-84.473,-95.732,-72.4,-90.614,3,-0.46806,0.825,0.084722,3
-85.405,-95.812,-71.665,-91.545,3,-0.42292,0.82604,0.082292,3
-86.25,-95.893,-70.908,-93.091,3,-0.32576,0.48521,0.60444,3
-86.523,-95.973,-69.703,-93.364,3,-0.10521,0.41927,0.93698,3
-87.583,-96.054,-68.553,-93.545,3,-0.053906,0.40703,0.92891,3
-88.705,-96.134,-67.632,-93.045,3,-0.057813,0.41094,0.93359,3
-89.705,-96.215,-66.705,-93.591,3,-0.041667,0.41563,0.92188,3
-90.318,-96.295,-65.082,-93.432,3,-0.058333,0.41007,0.93056,3
-91.364,-96.376,-64.491,-92.932,3,-0.061458,0.41719,0.91979,3
-91.727,-96.456,-64.223,-93.083,3,-0.053125,0.40781,0.92891,3
-91.318,-96.537,-64.018,-93.455,3,-0.053437,0.41187,0.92063,3
-90.667,-96.617,-64.109,-94.045,3,-0.050417,0.41146,0.92146,3
-90.485,-96.698,-63.412,-93.75,3,-0.05625,0.41344,0.92719,3
-90.985,-96.779,-63.145,-92.568,3,-0.05,0.4125,0.92292,3
-90.758,-96.859,-63.173,-92.402,3,-0.052917,0.41042,0.92188,3
-90.394,-96.94,-63.991,-92.432,3,-0.057031,0.41016,0.91719,3
-90.182,-97.02,-63.773,-92.068,3,-0.052778,0.41684,0.91944,3
-90.545,-97.101,-63.791,-92.432,3,-0.051562,0.40937,0.91875,3
-90.939,-97.181,-64.191,-92.091,3,-0.039583,0.41604,0.92458,3
-89.939,-97.262,-64.2,-91.864,3,-0.059375,0.41625,0.92094,3
-90.212,-97.342,-64.618,-91.288,3,-0.059375,0.41406,0.925,3
-91.212,-97.423,-64.373,-90.364,3,-0.048264,0.40931,0.92174,3
-91.205,-97.503,-64.426,-89.091,3,-0.049479,0.41146,0.92448,3
-91.295,-97.584,-65.153,-88.227,3,-0.050417,0.4125,0.92792,3
-90.068,-97.664,-65.503,-88.5,3,-0.054583,0.41146,0.92062,3
-90.682,-97.745,-65.467,-88.576,3,-0.054062,0.41406,0.92219,3
-91.955,-97.826,-65.217,-88.455,3,-0.049062,0.41594,0.92375,3
-91.439,-97.906,-65.189,-88.545,3,-0.047396,0.41076,0.9309,3
-91.076,-97.987,-65.353,-87.727,3,-0.05625,0.4125,0.91979,3
-90.682,-98.067,-65.462,-87.727,3,-0.058333,0.41302,0.92135,3
-89.818,-98.148,-65.998,-87.773,3,-0.06,0.41375,0.93125,3
-88.909,-98.228,-66.462,-87.924,3,-0.059028,0.38542,0.93681,3
-88.073,-98.309,-67.026,-87.636,3,-0.048438,0.37031,0.94453,3
-87.959,-98.389,-67.586,-87.898,3,-0.035,0.37208,0.94375,3
-87.186,-98.47,-67.495,-89.057,3,-0.031597,0.40417,0.99271,3
-86.814,-98.55,-67.7,-89.159,3,-0.61458,0.20417,0.47396,3
-85.73,-98.631,-67.505,-88.977,3,-0.78281,-0.31302,0.51458,3
-83.761,-98.711,-67.505,-89.341,3,-0.73771,-0.074167,0.60458,3
-83.433,-98.792,-67.505,-90.205,3,-0.56531,0.13406,0.83469,3
-83.07,-98.872,-68.273,-89.795,3,-0.56146,0.15174,0.83941,3
-82.918,-98.953,-68.045,-89.341,3,-0.56031,0.14781,0.83781,3
-83.509,-99.034,-68,-89.417,3,-0.5625,0.15747,0.83385,3
-83.1,-99.114,-68.341,-89.28,3,-0.5625,0.15625,0.83278,3
-83.186,-99.195,-67.705,-89.235,3,-0.55778,0.15868,0.8375,3
-83.118,-99.275,-67.659,-88.928,3,-0.67344,-0.092187,0.65521,3
-83.664,-99.356,-68.205,-87.973,3,-0.76875,-0.35486,0.4934,3
-83.536,-99.436,-68.05,-87.598,3,-0.77705,-0.35771,0.4833,3
-83.006,-99.517,-69.227,-87.902,3,-0.80521,-0.13646,0.51042,3
-83.453,-99.597,-69.409,-87.992,3,-0.5651,0.16302,0.78698,3
-83.558,-99.638,-69.8,-87.092,3,-0.53073,0.22187,0.84167,3
-83.509,-99.678,-69.306,-87.38,3,-0.52656,0.21875,0.84375,3
-83.156,-99.718,-70.156,-88.052,3,-0.52729,0.22073,0.8424,3
-82.964,-99.758,-69.75,-88.298,3,-0.58729,0.10042,0.77972,3
-83.375,-99.799,-68.5,-88.597,3,-0.79167,-0.11354,0.55156,3
